horizon,secid,param_id,fold_id,train_rows,validation_rows,validation_first_date,validation_last_date,max_depth,min_samples_leaf,max_thresholds,normalize_etc,accuracy,balanced_accuracy,precision_up,recall_up,f1_up,true_positive_share,predicted_positive_share,tp,tn,fp,fn
1,IMOEX,0,0,999.0,251.0,2019-03-04,2020-03-02,1,10,8,False,0.5298804780876494,0.5443537943537944,0.6237623762376238,0.4405594405594406,0.5163934426229508,0.5697211155378487,0.40239043824701193,63.0,70.0,38.0,80.0
1,IMOEX,0,1,1503.0,251.0,2021-03-05,2022-03-25,1,10,8,False,0.549800796812749,0.5,0.549800796812749,1.0,0.7095115681233933,0.549800796812749,1.0,138.0,0.0,113.0,0.0
1,IMOEX,0,2,2007.0,193.0,2023-03-29,2023-12-27,1,10,8,False,0.6062176165803109,0.5,0.6062176165803109,1.0,0.7548387096774194,0.6062176165803109,1.0,117.0,0.0,76.0,0.0
1,IMOEX,0,mean,,,,,1,10,8,False,0.5619662971602364,0.5147845981179314,,,,,,,,,
1,IMOEX,1,0,999.0,251.0,2019-03-04,2020-03-02,1,10,16,False,0.44223107569721115,0.44703444703444706,0.5130434782608696,0.4125874125874126,0.45736434108527135,0.5697211155378487,0.4581673306772908,59.0,52.0,56.0,84.0
1,IMOEX,1,1,1503.0,251.0,2021-03-05,2022-03-25,1,10,16,False,0.549800796812749,0.5,0.549800796812749,1.0,0.7095115681233933,0.549800796812749,1.0,138.0,0.0,113.0,0.0
1,IMOEX,1,2,2007.0,193.0,2023-03-29,2023-12-27,1,10,16,False,0.6062176165803109,0.5,0.6062176165803109,1.0,0.7548387096774194,0.6062176165803109,1.0,117.0,0.0,76.0,0.0
1,IMOEX,1,mean,,,,,1,10,16,False,0.532749829696757,0.4823448156781491,,,,,,,,,
1,IMOEX,2,0,999.0,251.0,2019-03-04,2020-03-02,1,20,8,False,0.5298804780876494,0.5443537943537944,0.6237623762376238,0.4405594405594406,0.5163934426229508,0.5697211155378487,0.40239043824701193,63.0,70.0,38.0,80.0
1,IMOEX,2,1,1503.0,251.0,2021-03-05,2022-03-25,1,20,8,False,0.549800796812749,0.5,0.549800796812749,1.0,0.7095115681233933,0.549800796812749,1.0,138.0,0.0,113.0,0.0
1,IMOEX,2,2,2007.0,193.0,2023-03-29,2023-12-27,1,20,8,False,0.6062176165803109,0.5,0.6062176165803109,1.0,0.7548387096774194,0.6062176165803109,1.0,117.0,0.0,76.0,0.0
1,IMOEX,2,mean,,,,,1,20,8,False,0.5619662971602364,0.5147845981179314,,,,,,,,,
1,IMOEX,3,0,999.0,251.0,2019-03-04,2020-03-02,1,20,16,False,0.44223107569721115,0.44703444703444706,0.5130434782608696,0.4125874125874126,0.45736434108527135,0.5697211155378487,0.4581673306772908,59.0,52.0,56.0,84.0
1,IMOEX,3,1,1503.0,251.0,2021-03-05,2022-03-25,1,20,16,False,0.549800796812749,0.5,0.549800796812749,1.0,0.7095115681233933,0.549800796812749,1.0,138.0,0.0,113.0,0.0
1,IMOEX,3,2,2007.0,193.0,2023-03-29,2023-12-27,1,20,16,False,0.6062176165803109,0.5,0.6062176165803109,1.0,0.7548387096774194,0.6062176165803109,1.0,117.0,0.0,76.0,0.0
1,IMOEX,3,mean,,,,,1,20,16,False,0.532749829696757,0.4823448156781491,,,,,,,,,
1,IMOEX,4,0,999.0,251.0,2019-03-04,2020-03-02,1,50,8,False,0.5298804780876494,0.5443537943537944,0.6237623762376238,0.4405594405594406,0.5163934426229508,0.5697211155378487,0.40239043824701193,63.0,70.0,38.0,80.0
1,IMOEX,4,1,1503.0,251.0,2021-03-05,2022-03-25,1,50,8,False,0.549800796812749,0.5,0.549800796812749,1.0,0.7095115681233933,0.549800796812749,1.0,138.0,0.0,113.0,0.0
1,IMOEX,4,2,2007.0,193.0,2023-03-29,2023-12-27,1,50,8,False,0.6062176165803109,0.5,0.6062176165803109,1.0,0.7548387096774194,0.6062176165803109,1.0,117.0,0.0,76.0,0.0
1,IMOEX,4,mean,,,,,1,50,8,False,0.5619662971602364,0.5147845981179314,,,,,,,,,
1,IMOEX,5,0,999.0,251.0,2019-03-04,2020-03-02,1,50,16,False,0.44223107569721115,0.44703444703444706,0.5130434782608696,0.4125874125874126,0.45736434108527135,0.5697211155378487,0.4581673306772908,59.0,52.0,56.0,84.0
1,IMOEX,5,1,1503.0,251.0,2021-03-05,2022-03-25,1,50,16,False,0.549800796812749,0.5,0.549800796812749,1.0,0.7095115681233933,0.549800796812749,1.0,138.0,0.0,113.0,0.0
1,IMOEX,5,2,2007.0,193.0,2023-03-29,2023-12-27,1,50,16,False,0.6062176165803109,0.5,0.6062176165803109,1.0,0.7548387096774194,0.6062176165803109,1.0,117.0,0.0,76.0,0.0
1,IMOEX,5,mean,,,,,1,50,16,False,0.532749829696757,0.4823448156781491,,,,,,,,,
1,IMOEX,6,0,999.0,251.0,2019-03-04,2020-03-02,1,100,8,False,0.5298804780876494,0.5443537943537944,0.6237623762376238,0.4405594405594406,0.5163934426229508,0.5697211155378487,0.40239043824701193,63.0,70.0,38.0,80.0
1,IMOEX,6,1,1503.0,251.0,2021-03-05,2022-03-25,1,100,8,False,0.549800796812749,0.5,0.549800796812749,1.0,0.7095115681233933,0.549800796812749,1.0,138.0,0.0,113.0,0.0
1,IMOEX,6,2,2007.0,193.0,2023-03-29,2023-12-27,1,100,8,False,0.6062176165803109,0.5,0.6062176165803109,1.0,0.7548387096774194,0.6062176165803109,1.0,117.0,0.0,76.0,0.0
1,IMOEX,6,mean,,,,,1,100,8,False,0.5619662971602364,0.5147845981179314,,,,,,,,,
1,IMOEX,7,0,999.0,251.0,2019-03-04,2020-03-02,1,100,16,False,0.44223107569721115,0.44703444703444706,0.5130434782608696,0.4125874125874126,0.45736434108527135,0.5697211155378487,0.4581673306772908,59.0,52.0,56.0,84.0
1,IMOEX,7,1,1503.0,251.0,2021-03-05,2022-03-25,1,100,16,False,0.549800796812749,0.5,0.549800796812749,1.0,0.7095115681233933,0.549800796812749,1.0,138.0,0.0,113.0,0.0
1,IMOEX,7,2,2007.0,193.0,2023-03-29,2023-12-27,1,100,16,False,0.6062176165803109,0.5,0.6062176165803109,1.0,0.7548387096774194,0.6062176165803109,1.0,117.0,0.0,76.0,0.0
1,IMOEX,7,mean,,,,,1,100,16,False,0.532749829696757,0.4823448156781491,,,,,,,,,
1,IMOEX,8,0,999.0,251.0,2019-03-04,2020-03-02,2,10,8,False,0.549800796812749,0.5097125097125097,0.5757575757575758,0.7972027972027972,0.6686217008797655,0.5697211155378487,0.7888446215139442,114.0,24.0,84.0,29.0
1,IMOEX,8,1,1503.0,251.0,2021-03-05,2022-03-25,2,10,8,False,0.5298804780876494,0.5123444914710786,0.5588235294117647,0.6884057971014492,0.6168831168831168,0.549800796812749,0.6772908366533864,95.0,38.0,75.0,43.0
1,IMOEX,8,2,2007.0,193.0,2023-03-29,2023-12-27,2,10,8,False,0.5077720207253886,0.46260683760683763,0.5808823529411765,0.6752136752136753,0.624505928853755,0.6062176165803109,0.7046632124352331,79.0,19.0,57.0,38.0
1,IMOEX,8,mean,,,,,2,10,8,False,0.529151098541929,0.49488794626347526,,,,,,,,,
1,IMOEX,9,0,999.0,251.0,2019-03-04,2020-03-02,2,10,16,False,0.5378486055776892,0.489024864024864,0.5633802816901409,0.8391608391608392,0.6741573033707865,0.5697211155378487,0.848605577689243,120.0,15.0,93.0,23.0
1,IMOEX,9,1,1503.0,251.0,2021-03-05,2022-03-25,2,10,16,False,0.5657370517928287,0.532127741439015,0.5687203791469194,0.8695652173913043,0.6876790830945558,0.549800796812749,0.8406374501992032,120.0,22.0,91.0,18.0
1,IMOEX,9,2,2007.0,193.0,2023-03-29,2023-12-27,2,10,16,False,0.533678756476684,0.47705802968960864,0.5918367346938775,0.7435897435897436,0.6590909090909091,0.6062176165803109,0.7616580310880829,87.0,16.0,60.0,30.0
1,IMOEX,9,mean,,,,,2,10,16,False,0.545754804615734,0.49940354505116247,,,,,,,,,
1,IMOEX,10,0,999.0,251.0,2019-03-04,2020-03-02,2,20,8,False,0.549800796812749,0.5097125097125097,0.5757575757575758,0.7972027972027972,0.6686217008797655,0.5697211155378487,0.7888446215139442,114.0,24.0,84.0,29.0
1,IMOEX,10,1,1503.0,251.0,2021-03-05,2022-03-25,2,20,8,False,0.5298804780876494,0.5123444914710786,0.5588235294117647,0.6884057971014492,0.6168831168831168,0.549800796812749,0.6772908366533864,95.0,38.0,75.0,43.0
1,IMOEX,10,2,2007.0,193.0,2023-03-29,2023-12-27,2,20,8,False,0.5077720207253886,0.46260683760683763,0.5808823529411765,0.6752136752136753,0.624505928853755,0.6062176165803109,0.7046632124352331,79.0,19.0,57.0,38.0
1,IMOEX,10,mean,,,,,2,20,8,False,0.529151098541929,0.49488794626347526,,,,,,,,,
1,IMOEX,11,0,999.0,251.0,2019-03-04,2020-03-02,2,20,16,False,0.5378486055776892,0.489024864024864,0.5633802816901409,0.8391608391608392,0.6741573033707865,0.5697211155378487,0.848605577689243,120.0,15.0,93.0,23.0
1,IMOEX,11,1,1503.0,251.0,2021-03-05,2022-03-25,2,20,16,False,0.5657370517928287,0.532127741439015,0.5687203791469194,0.8695652173913043,0.6876790830945558,0.549800796812749,0.8406374501992032,120.0,22.0,91.0,18.0
1,IMOEX,11,2,2007.0,193.0,2023-03-29,2023-12-27,2,20,16,False,0.533678756476684,0.47705802968960864,0.5918367346938775,0.7435897435897436,0.6590909090909091,0.6062176165803109,0.7616580310880829,87.0,16.0,60.0,30.0
1,IMOEX,11,mean,,,,,2,20,16,False,0.545754804615734,0.49940354505116247,,,,,,,,,
1,IMOEX,12,0,999.0,251.0,2019-03-04,2020-03-02,2,50,8,False,0.549800796812749,0.5097125097125097,0.5757575757575758,0.7972027972027972,0.6686217008797655,0.5697211155378487,0.7888446215139442,114.0,24.0,84.0,29.0
1,IMOEX,12,1,1503.0,251.0,2021-03-05,2022-03-25,2,50,8,False,0.5298804780876494,0.5123444914710786,0.5588235294117647,0.6884057971014492,0.6168831168831168,0.549800796812749,0.6772908366533864,95.0,38.0,75.0,43.0
1,IMOEX,12,2,2007.0,193.0,2023-03-29,2023-12-27,2,50,8,False,0.5077720207253886,0.46260683760683763,0.5808823529411765,0.6752136752136753,0.624505928853755,0.6062176165803109,0.7046632124352331,79.0,19.0,57.0,38.0
1,IMOEX,12,mean,,,,,2,50,8,False,0.529151098541929,0.49488794626347526,,,,,,,,,
1,IMOEX,13,0,999.0,251.0,2019-03-04,2020-03-02,2,50,16,False,0.5378486055776892,0.489024864024864,0.5633802816901409,0.8391608391608392,0.6741573033707865,0.5697211155378487,0.848605577689243,120.0,15.0,93.0,23.0
1,IMOEX,13,1,1503.0,251.0,2021-03-05,2022-03-25,2,50,16,False,0.5657370517928287,0.532127741439015,0.5687203791469194,0.8695652173913043,0.6876790830945558,0.549800796812749,0.8406374501992032,120.0,22.0,91.0,18.0
1,IMOEX,13,2,2007.0,193.0,2023-03-29,2023-12-27,2,50,16,False,0.533678756476684,0.47705802968960864,0.5918367346938775,0.7435897435897436,0.6590909090909091,0.6062176165803109,0.7616580310880829,87.0,16.0,60.0,30.0
1,IMOEX,13,mean,,,,,2,50,16,False,0.545754804615734,0.49940354505116247,,,,,,,,,
1,IMOEX,14,0,999.0,251.0,2019-03-04,2020-03-02,2,100,8,False,0.549800796812749,0.5097125097125097,0.5757575757575758,0.7972027972027972,0.6686217008797655,0.5697211155378487,0.7888446215139442,114.0,24.0,84.0,29.0
1,IMOEX,14,1,1503.0,251.0,2021-03-05,2022-03-25,2,100,8,False,0.5298804780876494,0.5123444914710786,0.5588235294117647,0.6884057971014492,0.6168831168831168,0.549800796812749,0.6772908366533864,95.0,38.0,75.0,43.0
1,IMOEX,14,2,2007.0,193.0,2023-03-29,2023-12-27,2,100,8,False,0.5077720207253886,0.46260683760683763,0.5808823529411765,0.6752136752136753,0.624505928853755,0.6062176165803109,0.7046632124352331,79.0,19.0,57.0,38.0
1,IMOEX,14,mean,,,,,2,100,8,False,0.529151098541929,0.49488794626347526,,,,,,,,,
1,IMOEX,15,0,999.0,251.0,2019-03-04,2020-03-02,2,100,16,False,0.5378486055776892,0.489024864024864,0.5633802816901409,0.8391608391608392,0.6741573033707865,0.5697211155378487,0.848605577689243,120.0,15.0,93.0,23.0
1,IMOEX,15,1,1503.0,251.0,2021-03-05,2022-03-25,2,100,16,False,0.5657370517928287,0.532127741439015,0.5687203791469194,0.8695652173913043,0.6876790830945558,0.549800796812749,0.8406374501992032,120.0,22.0,91.0,18.0
1,IMOEX,15,2,2007.0,193.0,2023-03-29,2023-12-27,2,100,16,False,0.533678756476684,0.47705802968960864,0.5918367346938775,0.7435897435897436,0.6590909090909091,0.6062176165803109,0.7616580310880829,87.0,16.0,60.0,30.0
1,IMOEX,15,mean,,,,,2,100,16,False,0.545754804615734,0.49940354505116247,,,,,,,,,
1,IMOEX,16,0,999.0,251.0,2019-03-04,2020-03-02,3,10,8,False,0.47808764940239046,0.4671717171717171,0.5416666666666666,0.5454545454545454,0.5435540069686411,0.5697211155378487,0.5737051792828686,78.0,42.0,66.0,65.0
1,IMOEX,16,1,1503.0,251.0,2021-03-05,2022-03-25,3,10,8,False,0.4820717131474104,0.46485827882518915,0.5238095238095238,0.6376811594202898,0.5751633986928104,0.549800796812749,0.6693227091633466,88.0,33.0,80.0,50.0
1,IMOEX,16,2,2007.0,193.0,2023-03-29,2023-12-27,3,10,8,False,0.6010362694300518,0.49572649572649574,0.6041666666666666,0.9914529914529915,0.7508090614886731,0.6062176165803109,0.9948186528497409,116.0,0.0,76.0,1.0
1,IMOEX,16,mean,,,,,3,10,8,False,0.5203985439932842,0.4759188305744673,,,,,,,,,
1,IMOEX,17,0,999.0,251.0,2019-03-04,2020-03-02,3,10,16,False,0.46613545816733065,0.43401968401968405,0.5248618784530387,0.6643356643356644,0.5864197530864198,0.5697211155378487,0.7211155378486056,95.0,22.0,86.0,48.0
1,IMOEX,17,1,1503.0,251.0,2021-03-05,2022-03-25,3,10,16,False,0.47808764940239046,0.4580287289983327,0.52,0.6594202898550725,0.5814696485623003,0.549800796812749,0.6972111553784861,91.0,29.0,84.0,47.0
1,IMOEX,17,2,2007.0,193.0,2023-03-29,2023-12-27,3,10,16,False,0.5647668393782384,0.5511133603238867,0.6486486486486487,0.6153846153846154,0.631578947368421,0.6062176165803109,0.5751295336787565,72.0,37.0,39.0,45.0
1,IMOEX,17,mean,,,,,3,10,16,False,0.5029966489826532,0.4810539244473011,,,,,,,,,
1,IMOEX,18,0,999.0,251.0,2019-03-04,2020-03-02,3,20,8,False,0.47808764940239046,0.4671717171717171,0.5416666666666666,0.5454545454545454,0.5435540069686411,0.5697211155378487,0.5737051792828686,78.0,42.0,66.0,65.0
1,IMOEX,18,1,1503.0,251.0,2021-03-05,2022-03-25,3,20,8,False,0.4820717131474104,0.46485827882518915,0.5238095238095238,0.6376811594202898,0.5751633986928104,0.549800796812749,0.6693227091633466,88.0,33.0,80.0,50.0
1,IMOEX,18,2,2007.0,193.0,2023-03-29,2023-12-27,3,20,8,False,0.6010362694300518,0.49572649572649574,0.6041666666666666,0.9914529914529915,0.7508090614886731,0.6062176165803109,0.9948186528497409,116.0,0.0,76.0,1.0
1,IMOEX,18,mean,,,,,3,20,8,False,0.5203985439932842,0.4759188305744673,,,,,,,,,
1,IMOEX,19,0,999.0,251.0,2019-03-04,2020-03-02,3,20,16,False,0.46613545816733065,0.43401968401968405,0.5248618784530387,0.6643356643356644,0.5864197530864198,0.5697211155378487,0.7211155378486056,95.0,22.0,86.0,48.0
1,IMOEX,19,1,1503.0,251.0,2021-03-05,2022-03-25,3,20,16,False,0.47808764940239046,0.4580287289983327,0.52,0.6594202898550725,0.5814696485623003,0.549800796812749,0.6972111553784861,91.0,29.0,84.0,47.0
1,IMOEX,19,2,2007.0,193.0,2023-03-29,2023-12-27,3,20,16,False,0.5647668393782384,0.5511133603238867,0.6486486486486487,0.6153846153846154,0.631578947368421,0.6062176165803109,0.5751295336787565,72.0,37.0,39.0,45.0
1,IMOEX,19,mean,,,,,3,20,16,False,0.5029966489826532,0.4810539244473011,,,,,,,,,
1,IMOEX,20,0,999.0,251.0,2019-03-04,2020-03-02,3,50,8,False,0.47808764940239046,0.4671717171717171,0.5416666666666666,0.5454545454545454,0.5435540069686411,0.5697211155378487,0.5737051792828686,78.0,42.0,66.0,65.0
1,IMOEX,20,1,1503.0,251.0,2021-03-05,2022-03-25,3,50,8,False,0.4820717131474104,0.46485827882518915,0.5238095238095238,0.6376811594202898,0.5751633986928104,0.549800796812749,0.6693227091633466,88.0,33.0,80.0,50.0
1,IMOEX,20,2,2007.0,193.0,2023-03-29,2023-12-27,3,50,8,False,0.6010362694300518,0.49572649572649574,0.6041666666666666,0.9914529914529915,0.7508090614886731,0.6062176165803109,0.9948186528497409,116.0,0.0,76.0,1.0
1,IMOEX,20,mean,,,,,3,50,8,False,0.5203985439932842,0.4759188305744673,,,,,,,,,
1,IMOEX,21,0,999.0,251.0,2019-03-04,2020-03-02,3,50,16,False,0.46613545816733065,0.43401968401968405,0.5248618784530387,0.6643356643356644,0.5864197530864198,0.5697211155378487,0.7211155378486056,95.0,22.0,86.0,48.0
1,IMOEX,21,1,1503.0,251.0,2021-03-05,2022-03-25,3,50,16,False,0.47808764940239046,0.4580287289983327,0.52,0.6594202898550725,0.5814696485623003,0.549800796812749,0.6972111553784861,91.0,29.0,84.0,47.0
1,IMOEX,21,2,2007.0,193.0,2023-03-29,2023-12-27,3,50,16,False,0.5647668393782384,0.5511133603238867,0.6486486486486487,0.6153846153846154,0.631578947368421,0.6062176165803109,0.5751295336787565,72.0,37.0,39.0,45.0
1,IMOEX,21,mean,,,,,3,50,16,False,0.5029966489826532,0.4810539244473011,,,,,,,,,
1,IMOEX,22,0,999.0,251.0,2019-03-04,2020-03-02,3,100,8,False,0.5418326693227091,0.5106513856513857,0.5769230769230769,0.7342657342657343,0.6461538461538461,0.5697211155378487,0.7250996015936255,105.0,31.0,77.0,38.0
1,IMOEX,22,1,1503.0,251.0,2021-03-05,2022-03-25,3,100,8,False,0.4820717131474104,0.46485827882518915,0.5238095238095238,0.6376811594202898,0.5751633986928104,0.549800796812749,0.6693227091633466,88.0,33.0,80.0,50.0
1,IMOEX,22,2,2007.0,193.0,2023-03-29,2023-12-27,3,100,8,False,0.6010362694300518,0.49572649572649574,0.6041666666666666,0.9914529914529915,0.7508090614886731,0.6062176165803109,0.9948186528497409,116.0,0.0,76.0,1.0
1,IMOEX,22,mean,,,,,3,100,8,False,0.5416468839667238,0.4904120534010235,,,,,,,,,
1,IMOEX,23,0,999.0,251.0,2019-03-04,2020-03-02,3,100,16,False,0.4940239043824701,0.4766252266252266,0.5512820512820513,0.6013986013986014,0.5752508361204013,0.5697211155378487,0.6215139442231076,86.0,38.0,70.0,57.0
1,IMOEX,23,1,1503.0,251.0,2021-03-05,2022-03-25,3,100,16,False,0.47808764940239046,0.4580287289983327,0.52,0.6594202898550725,0.5814696485623003,0.549800796812749,0.6972111553784861,91.0,29.0,84.0,47.0
1,IMOEX,23,2,2007.0,193.0,2023-03-29,2023-12-27,3,100,16,False,0.5647668393782384,0.5511133603238867,0.6486486486486487,0.6153846153846154,0.631578947368421,0.6062176165803109,0.5751295336787565,72.0,37.0,39.0,45.0
1,IMOEX,23,mean,,,,,3,100,16,False,0.512292797721033,0.495255771982482,,,,,,,,,
1,IMOEX,24,0,999.0,251.0,2019-03-04,2020-03-02,4,10,8,False,0.50199203187251,0.5006151256151257,0.5703125,0.5104895104895105,0.5387453874538746,0.5697211155378487,0.5099601593625498,73.0,53.0,55.0,70.0
1,IMOEX,24,1,1503.0,251.0,2021-03-05,2022-03-25,4,10,8,False,0.5179282868525896,0.5054828780300116,0.554140127388535,0.6304347826086957,0.5898305084745763,0.549800796812749,0.6254980079681275,87.0,43.0,70.0,51.0
1,IMOEX,24,2,2007.0,193.0,2023-03-29,2023-12-27,4,10,8,False,0.5440414507772021,0.5017431399010346,0.6074074074074074,0.7008547008547008,0.6507936507936508,0.6062176165803109,0.6994818652849741,82.0,23.0,53.0,35.0
1,IMOEX,24,mean,,,,,4,10,8,False,0.5213205898341006,0.5026137145153906,,,,,,,,,
1,IMOEX,25,0,999.0,251.0,2019-03-04,2020-03-02,4,10,16,False,0.46613545816733065,0.46348096348096346,0.5348837209302325,0.4825174825174825,0.5073529411764706,0.5697211155378487,0.5139442231075697,69.0,48.0,60.0,74.0
1,IMOEX,25,1,1503.0,251.0,2021-03-05,2022-03-25,4,10,16,False,0.49800796812749004,0.47373989996152366,0.532258064516129,0.717391304347826,0.6111111111111109,0.549800796812749,0.7410358565737052,99.0,26.0,87.0,39.0
1,IMOEX,25,2,2007.0,193.0,2023-03-29,2023-12-27,4,10,16,False,0.533678756476684,0.5277777777777778,0.6310679611650486,0.5555555555555556,0.5909090909090909,0.6062176165803109,0.533678756476684,65.0,38.0,38.0,52.0
1,IMOEX,25,mean,,,,,4,10,16,False,0.4992740609238349,0.488332880406755,,,,,,,,,
1,IMOEX,26,0,999.0,251.0,2019-03-04,2020-03-02,4,20,8,False,0.50199203187251,0.5006151256151257,0.5703125,0.5104895104895105,0.5387453874538746,0.5697211155378487,0.5099601593625498,73.0,53.0,55.0,70.0
1,IMOEX,26,1,1503.0,251.0,2021-03-05,2022-03-25,4,20,8,False,0.5179282868525896,0.5054828780300116,0.554140127388535,0.6304347826086957,0.5898305084745763,0.549800796812749,0.6254980079681275,87.0,43.0,70.0,51.0
1,IMOEX,26,2,2007.0,193.0,2023-03-29,2023-12-27,4,20,8,False,0.5440414507772021,0.5017431399010346,0.6074074074074074,0.7008547008547008,0.6507936507936508,0.6062176165803109,0.6994818652849741,82.0,23.0,53.0,35.0
1,IMOEX,26,mean,,,,,4,20,8,False,0.5213205898341006,0.5026137145153906,,,,,,,,,
1,IMOEX,27,0,999.0,251.0,2019-03-04,2020-03-02,4,20,16,False,0.46613545816733065,0.46348096348096346,0.5348837209302325,0.4825174825174825,0.5073529411764706,0.5697211155378487,0.5139442231075697,69.0,48.0,60.0,74.0
1,IMOEX,27,1,1503.0,251.0,2021-03-05,2022-03-25,4,20,16,False,0.49800796812749004,0.47373989996152366,0.532258064516129,0.717391304347826,0.6111111111111109,0.549800796812749,0.7410358565737052,99.0,26.0,87.0,39.0
1,IMOEX,27,2,2007.0,193.0,2023-03-29,2023-12-27,4,20,16,False,0.533678756476684,0.5277777777777778,0.6310679611650486,0.5555555555555556,0.5909090909090909,0.6062176165803109,0.533678756476684,65.0,38.0,38.0,52.0
1,IMOEX,27,mean,,,,,4,20,16,False,0.4992740609238349,0.488332880406755,,,,,,,,,
1,IMOEX,28,0,999.0,251.0,2019-03-04,2020-03-02,4,50,8,False,0.4820717131474104,0.4876651126651127,0.5565217391304348,0.44755244755244755,0.4961240310077519,0.5697211155378487,0.4581673306772908,64.0,57.0,51.0,79.0
1,IMOEX,28,1,1503.0,251.0,2021-03-05,2022-03-25,4,50,8,False,0.5179282868525896,0.5054828780300116,0.554140127388535,0.6304347826086957,0.5898305084745763,0.549800796812749,0.6254980079681275,87.0,43.0,70.0,51.0
1,IMOEX,28,2,2007.0,193.0,2023-03-29,2023-12-27,4,50,8,False,0.5440414507772021,0.5017431399010346,0.6074074074074074,0.7008547008547008,0.6507936507936508,0.6062176165803109,0.6994818652849741,82.0,23.0,53.0,35.0
1,IMOEX,28,mean,,,,,4,50,8,False,0.5146804835924007,0.4982970435320529,,,,,,,,,
1,IMOEX,29,0,999.0,251.0,2019-03-04,2020-03-02,4,50,16,False,0.450199203187251,0.45516058016058014,0.5217391304347826,0.4195804195804196,0.46511627906976744,0.5697211155378487,0.4581673306772908,60.0,53.0,55.0,83.0
1,IMOEX,29,1,1503.0,251.0,2021-03-05,2022-03-25,4,50,16,False,0.49800796812749004,0.47373989996152366,0.532258064516129,0.717391304347826,0.6111111111111109,0.549800796812749,0.7410358565737052,99.0,26.0,87.0,39.0
1,IMOEX,29,2,2007.0,193.0,2023-03-29,2023-12-27,4,50,16,False,0.533678756476684,0.5277777777777778,0.6310679611650486,0.5555555555555556,0.5909090909090909,0.6062176165803109,0.533678756476684,65.0,38.0,38.0,52.0
1,IMOEX,29,mean,,,,,4,50,16,False,0.49396197593047503,0.48555941929996055,,,,,,,,,
1,IMOEX,30,0,999.0,251.0,2019-03-04,2020-03-02,4,100,8,False,0.5418326693227091,0.5106513856513857,0.5769230769230769,0.7342657342657343,0.6461538461538461,0.5697211155378487,0.7250996015936255,105.0,31.0,77.0,38.0
1,IMOEX,30,1,1503.0,251.0,2021-03-05,2022-03-25,4,100,8,False,0.5219123505976095,0.5195267410542517,0.5681818181818182,0.5434782608695652,0.5555555555555556,0.549800796812749,0.5258964143426295,75.0,56.0,57.0,63.0
1,IMOEX,30,2,2007.0,193.0,2023-03-29,2023-12-27,4,100,8,False,0.5544041450777202,0.49645748987854255,0.6040268456375839,0.7692307692307693,0.6766917293233082,0.6062176165803109,0.772020725388601,90.0,17.0,59.0,27.0
1,IMOEX,30,mean,,,,,4,100,8,False,0.5393830549993462,0.5088785388613933,,,,,,,,,
1,IMOEX,31,0,999.0,251.0,2019-03-04,2020-03-02,4,100,16,False,0.4940239043824701,0.4766252266252266,0.5512820512820513,0.6013986013986014,0.5752508361204013,0.5697211155378487,0.6215139442231076,86.0,38.0,70.0,57.0
1,IMOEX,31,1,1503.0,251.0,2021-03-05,2022-03-25,4,100,16,False,0.4900398406374502,0.4664935231499295,0.5271739130434783,0.7028985507246377,0.6024844720496895,0.549800796812749,0.7330677290836654,97.0,26.0,87.0,41.0
1,IMOEX,31,2,2007.0,193.0,2023-03-29,2023-12-27,4,100,16,False,0.533678756476684,0.5277777777777778,0.6310679611650486,0.5555555555555556,0.5909090909090909,0.6062176165803109,0.533678756476684,65.0,38.0,38.0,52.0
1,IMOEX,31,mean,,,,,4,100,16,False,0.5059141671655348,0.49029884251764466,,,,,,,,,
1,IMOEX,32,0,999.0,251.0,2019-03-04,2020-03-02,5,10,8,False,0.5179282868525896,0.4987373737373737,0.56875,0.6363636363636364,0.6006600660066007,0.5697211155378487,0.6374501992031872,91.0,39.0,69.0,52.0
1,IMOEX,32,1,1503.0,251.0,2021-03-05,2022-03-25,5,10,8,False,0.49800796812749004,0.48897011671155577,0.5405405405405406,0.5797101449275363,0.5594405594405595,0.549800796812749,0.5896414342629482,80.0,45.0,68.0,58.0
1,IMOEX,32,2,2007.0,193.0,2023-03-29,2023-12-27,5,10,8,False,0.5544041450777202,0.5149010346378767,0.6165413533834586,0.7008547008547008,0.656,0.6062176165803109,0.689119170984456,82.0,25.0,51.0,35.0
1,IMOEX,32,mean,,,,,5,10,8,False,0.5234468000192666,0.5008695083622687,,,,,,,,,
1,IMOEX,33,0,999.0,251.0,2019-03-04,2020-03-02,5,10,16,False,0.5258964143426295,0.50006475006475,0.5697674418604651,0.6853146853146853,0.6222222222222222,0.5697211155378487,0.6852589641434262,98.0,34.0,74.0,45.0
1,IMOEX,33,1,1503.0,251.0,2021-03-05,2022-03-25,5,10,16,False,0.50199203187251,0.48217263049890985,0.5371428571428571,0.6811594202898551,0.6006389776357828,0.549800796812749,0.6972111553784861,94.0,32.0,81.0,44.0
1,IMOEX,33,2,2007.0,193.0,2023-03-29,2023-12-27,5,10,16,False,0.47668393782383417,0.4899910031488979,0.5952380952380952,0.42735042735042733,0.49751243781094534,0.6062176165803109,0.43523316062176165,50.0,42.0,34.0,67.0
1,IMOEX,33,mean,,,,,5,10,16,False,0.5015241280129912,0.4907427945708526,,,,,,,,,
1,IMOEX,34,0,999.0,251.0,2019-03-04,2020-03-02,5,20,8,False,0.49800796812749004,0.4812548562548562,0.5548387096774193,0.6013986013986014,0.5771812080536912,0.5697211155378487,0.6175298804780877,86.0,39.0,69.0,57.0
1,IMOEX,34,1,1503.0,251.0,2021-03-05,2022-03-25,5,20,8,False,0.49800796812749004,0.48897011671155577,0.5405405405405406,0.5797101449275363,0.5594405594405595,0.549800796812749,0.5896414342629482,80.0,45.0,68.0,58.0
1,IMOEX,34,2,2007.0,193.0,2023-03-29,2023-12-27,5,20,8,False,0.5544041450777202,0.5149010346378767,0.6165413533834586,0.7008547008547008,0.656,0.6062176165803109,0.689119170984456,82.0,25.0,51.0,35.0
1,IMOEX,34,mean,,,,,5,20,8,False,0.5168066937775667,0.4950420025347629,,,,,,,,,
1,IMOEX,35,0,999.0,251.0,2019-03-04,2020-03-02,5,20,16,False,0.5179282868525896,0.4976042476042476,0.5679012345679012,0.6433566433566433,0.6032786885245902,0.5697211155378487,0.6454183266932271,92.0,38.0,70.0,51.0
1,IMOEX,35,1,1503.0,251.0,2021-03-05,2022-03-25,5,20,16,False,0.50199203187251,0.48217263049890985,0.5371428571428571,0.6811594202898551,0.6006389776357828,0.549800796812749,0.6972111553784861,94.0,32.0,81.0,44.0
1,IMOEX,35,2,2007.0,193.0,2023-03-29,2023-12-27,5,20,16,False,0.47668393782383417,0.4899910031488979,0.5952380952380952,0.42735042735042733,0.49751243781094534,0.6062176165803109,0.43523316062176165,50.0,42.0,34.0,67.0
1,IMOEX,35,mean,,,,,5,20,16,False,0.49886808551631123,0.48992262708401846,,,,,,,,,
1,IMOEX,36,0,999.0,251.0,2019-03-04,2020-03-02,5,50,8,False,0.4820717131474104,0.4876651126651127,0.5565217391304348,0.44755244755244755,0.4961240310077519,0.5697211155378487,0.4581673306772908,64.0,57.0,51.0,79.0
1,IMOEX,36,1,1503.0,251.0,2021-03-05,2022-03-25,5,50,8,False,0.49800796812749004,0.476946261382583,0.5337078651685393,0.6884057971014492,0.6012658227848101,0.549800796812749,0.7091633466135459,95.0,30.0,83.0,43.0
1,IMOEX,36,2,2007.0,193.0,2023-03-29,2023-12-27,5,50,8,False,0.5492227979274611,0.506016644174539,0.6102941176470589,0.7094017094017094,0.6561264822134387,0.6062176165803109,0.7046632124352331,83.0,23.0,53.0,34.0
1,IMOEX,36,mean,,,,,5,50,8,False,0.5097674930674538,0.49020933940741157,,,,,,,,,
1,IMOEX,37,0,999.0,251.0,2019-03-04,2020-03-02,5,50,16,False,0.450199203187251,0.45516058016058014,0.5217391304347826,0.4195804195804196,0.46511627906976744,0.5697211155378487,0.4581673306772908,60.0,53.0,55.0,83.0
1,IMOEX,37,1,1503.0,251.0,2021-03-05,2022-03-25,5,50,16,False,0.4900398406374502,0.4640887520841349,0.5263157894736842,0.7246376811594203,0.6097560975609756,0.549800796812749,0.7569721115537849,100.0,23.0,90.0,38.0
1,IMOEX,37,2,2007.0,193.0,2023-03-29,2023-12-27,5,50,16,False,0.47668393782383417,0.4899910031488979,0.5952380952380952,0.42735042735042733,0.49751243781094534,0.6062176165803109,0.43523316062176165,50.0,42.0,34.0,67.0
1,IMOEX,37,mean,,,,,5,50,16,False,0.4723076605495118,0.46974677846453766,,,,,,,,,
1,IMOEX,38,0,999.0,251.0,2019-03-04,2020-03-02,5,100,8,False,0.5418326693227091,0.5106513856513857,0.5769230769230769,0.7342657342657343,0.6461538461538461,0.5697211155378487,0.7250996015936255,105.0,31.0,77.0,38.0
1,IMOEX,38,1,1503.0,251.0,2021-03-05,2022-03-25,5,100,8,False,0.5219123505976095,0.5195267410542517,0.5681818181818182,0.5434782608695652,0.5555555555555556,0.549800796812749,0.5258964143426295,75.0,56.0,57.0,63.0
1,IMOEX,38,2,2007.0,193.0,2023-03-29,2023-12-27,5,100,8,False,0.5544041450777202,0.49645748987854255,0.6040268456375839,0.7692307692307693,0.6766917293233082,0.6062176165803109,0.772020725388601,90.0,17.0,59.0,27.0
1,IMOEX,38,mean,,,,,5,100,8,False,0.5393830549993462,0.5088785388613933,,,,,,,,,
1,IMOEX,39,0,999.0,251.0,2019-03-04,2020-03-02,5,100,16,False,0.4940239043824701,0.4766252266252266,0.5512820512820513,0.6013986013986014,0.5752508361204013,0.5697211155378487,0.6215139442231076,86.0,38.0,70.0,57.0
1,IMOEX,39,1,1503.0,251.0,2021-03-05,2022-03-25,5,100,16,False,0.4900398406374502,0.4664935231499295,0.5271739130434783,0.7028985507246377,0.6024844720496895,0.549800796812749,0.7330677290836654,97.0,26.0,87.0,41.0
1,IMOEX,39,2,2007.0,193.0,2023-03-29,2023-12-27,5,100,16,False,0.533678756476684,0.5277777777777778,0.6310679611650486,0.5555555555555556,0.5909090909090909,0.6062176165803109,0.533678756476684,65.0,38.0,38.0,52.0
1,IMOEX,39,mean,,,,,5,100,16,False,0.5059141671655348,0.49029884251764466,,,,,,,,,
1,IMOEX,40,0,999.0,251.0,2019-03-04,2020-03-02,6,10,8,False,0.4940239043824701,0.4845571095571095,0.5563380281690141,0.5524475524475524,0.5543859649122806,0.5697211155378487,0.5657370517928287,79.0,45.0,63.0,64.0
1,IMOEX,40,1,1503.0,251.0,2021-03-05,2022-03-25,6,10,8,False,0.47808764940239046,0.45963190970886236,0.52046783625731,0.644927536231884,0.5760517799352751,0.549800796812749,0.6812749003984063,89.0,31.0,82.0,49.0
1,IMOEX,40,2,2007.0,193.0,2023-03-29,2023-12-27,6,10,8,False,0.5233160621761658,0.5169253261358525,0.6213592233009708,0.5470085470085471,0.5818181818181819,0.6062176165803109,0.533678756476684,64.0,37.0,39.0,53.0
1,IMOEX,40,mean,,,,,6,10,8,False,0.4984758719870088,0.4870381151339414,,,,,,,,,
1,IMOEX,41,0,999.0,251.0,2019-03-04,2020-03-02,6,10,16,False,0.5099601593625498,0.5030756280756281,0.572463768115942,0.5524475524475524,0.5622775800711743,0.5697211155378487,0.549800796812749,79.0,49.0,59.0,64.0
1,IMOEX,41,1,1503.0,251.0,2021-03-05,2022-03-25,6,10,16,False,0.42231075697211157,0.41772476593561625,0.4740740740740741,0.463768115942029,0.46886446886446886,0.549800796812749,0.5378486055776892,64.0,42.0,71.0,74.0
1,IMOEX,41,2,2007.0,193.0,2023-03-29,2023-12-27,6,10,16,False,0.5440414507772021,0.5294084570400359,0.6306306306306306,0.5982905982905983,0.6140350877192983,0.6062176165803109,0.5751295336787565,70.0,35.0,41.0,47.0
1,IMOEX,41,mean,,,,,6,10,16,False,0.49210412237062123,0.48340295035042674,,,,,,,,,
1,IMOEX,42,0,999.0,251.0,2019-03-04,2020-03-02,6,20,8,False,0.4860557768924303,0.4718984718984719,0.5466666666666666,0.5734265734265734,0.5597269624573379,0.5697211155378487,0.5976095617529881,82.0,40.0,68.0,61.0
1,IMOEX,42,1,1503.0,251.0,2021-03-05,2022-03-25,6,20,8,False,0.4820717131474104,0.4680646402462486,0.525,0.6086956521739131,0.563758389261745,0.549800796812749,0.6374501992031872,84.0,37.0,76.0,54.0
1,IMOEX,42,2,2007.0,193.0,2023-03-29,2023-12-27,6,20,8,False,0.538860103626943,0.5297458389563653,0.6320754716981132,0.5726495726495726,0.600896860986547,0.6062176165803109,0.5492227979274611,67.0,37.0,39.0,50.0
1,IMOEX,42,mean,,,,,6,20,8,False,0.5023291978889279,0.4899029837003619,,,,,,,,,
1,IMOEX,43,0,999.0,251.0,2019-03-04,2020-03-02,6,20,16,False,0.5179282868525896,0.4976042476042476,0.5679012345679012,0.6433566433566433,0.6032786885245902,0.5697211155378487,0.6454183266932271,92.0,38.0,70.0,51.0
1,IMOEX,43,1,1503.0,251.0,2021-03-05,2022-03-25,6,20,16,False,0.4342629482071713,0.42939592150827244,0.4852941176470588,0.4782608695652174,0.48175182481751827,0.549800796812749,0.5418326693227091,66.0,43.0,70.0,72.0
1,IMOEX,43,2,2007.0,193.0,2023-03-29,2023-12-27,6,20,16,False,0.5595854922279793,0.539923526765632,0.6379310344827587,0.6324786324786325,0.6351931330472103,0.6062176165803109,0.6010362694300518,74.0,34.0,42.0,43.0
1,IMOEX,43,mean,,,,,6,20,16,False,0.5039255757625801,0.4889745652927173,,,,,,,,,
1,IMOEX,44,0,999.0,251.0,2019-03-04,2020-03-02,6,50,8,False,0.4820717131474104,0.4876651126651127,0.5565217391304348,0.44755244755244755,0.4961240310077519,0.5697211155378487,0.4581673306772908,64.0,57.0,51.0,79.0
1,IMOEX,44,1,1503.0,251.0,2021-03-05,2022-03-25,6,50,8,False,0.49800796812749004,0.476946261382583,0.5337078651685393,0.6884057971014492,0.6012658227848101,0.549800796812749,0.7091633466135459,95.0,30.0,83.0,43.0
1,IMOEX,44,2,2007.0,193.0,2023-03-29,2023-12-27,6,50,8,False,0.5492227979274611,0.5129329734592892,0.6153846153846154,0.6837606837606838,0.6477732793522267,0.6062176165803109,0.6735751295336787,80.0,26.0,50.0,37.0
1,IMOEX,44,mean,,,,,6,50,8,False,0.5097674930674538,0.49251478250232833,,,,,,,,,
1,IMOEX,45,0,999.0,251.0,2019-03-04,2020-03-02,6,50,16,False,0.450199203187251,0.45516058016058014,0.5217391304347826,0.4195804195804196,0.46511627906976744,0.5697211155378487,0.4581673306772908,60.0,53.0,55.0,83.0
1,IMOEX,45,1,1503.0,251.0,2021-03-05,2022-03-25,6,50,16,False,0.4900398406374502,0.4640887520841349,0.5263157894736842,0.7246376811594203,0.6097560975609756,0.549800796812749,0.7569721115537849,100.0,23.0,90.0,38.0
1,IMOEX,45,2,2007.0,193.0,2023-03-29,2023-12-27,6,50,16,False,0.47668393782383417,0.4899910031488979,0.5952380952380952,0.42735042735042733,0.49751243781094534,0.6062176165803109,0.43523316062176165,50.0,42.0,34.0,67.0
1,IMOEX,45,mean,,,,,6,50,16,False,0.4723076605495118,0.46974677846453766,,,,,,,,,
1,IMOEX,46,0,999.0,251.0,2019-03-04,2020-03-02,6,100,8,False,0.5418326693227091,0.5106513856513857,0.5769230769230769,0.7342657342657343,0.6461538461538461,0.5697211155378487,0.7250996015936255,105.0,31.0,77.0,38.0
1,IMOEX,46,1,1503.0,251.0,2021-03-05,2022-03-25,6,100,8,False,0.5219123505976095,0.5195267410542517,0.5681818181818182,0.5434782608695652,0.5555555555555556,0.549800796812749,0.5258964143426295,75.0,56.0,57.0,63.0
1,IMOEX,46,2,2007.0,193.0,2023-03-29,2023-12-27,6,100,8,False,0.5544041450777202,0.49645748987854255,0.6040268456375839,0.7692307692307693,0.6766917293233082,0.6062176165803109,0.772020725388601,90.0,17.0,59.0,27.0
1,IMOEX,46,mean,,,,,6,100,8,False,0.5393830549993462,0.5088785388613933,,,,,,,,,
1,IMOEX,47,0,999.0,251.0,2019-03-04,2020-03-02,6,100,16,False,0.4940239043824701,0.4766252266252266,0.5512820512820513,0.6013986013986014,0.5752508361204013,0.5697211155378487,0.6215139442231076,86.0,38.0,70.0,57.0
1,IMOEX,47,1,1503.0,251.0,2021-03-05,2022-03-25,6,100,16,False,0.4900398406374502,0.4664935231499295,0.5271739130434783,0.7028985507246377,0.6024844720496895,0.549800796812749,0.7330677290836654,97.0,26.0,87.0,41.0
1,IMOEX,47,2,2007.0,193.0,2023-03-29,2023-12-27,6,100,16,False,0.533678756476684,0.5277777777777778,0.6310679611650486,0.5555555555555556,0.5909090909090909,0.6062176165803109,0.533678756476684,65.0,38.0,38.0,52.0
1,IMOEX,47,mean,,,,,6,100,16,False,0.5059141671655348,0.49029884251764466,,,,,,,,,
1,IMOEX,48,0,999.0,251.0,2019-03-04,2020-03-02,2,20,16,True,0.5697211155378487,0.5,0.5697211155378487,1.0,0.7258883248730965,0.5697211155378487,1.0,143.0,0.0,108.0,0.0
1,IMOEX,48,1,1503.0,251.0,2021-03-05,2022-03-25,2,20,16,True,0.549800796812749,0.5,0.549800796812749,1.0,0.7095115681233933,0.549800796812749,1.0,138.0,0.0,113.0,0.0
1,IMOEX,48,2,2007.0,193.0,2023-03-29,2023-12-27,2,20,16,True,0.6062176165803109,0.5,0.6062176165803109,1.0,0.7548387096774194,0.6062176165803109,1.0,117.0,0.0,76.0,0.0
1,IMOEX,48,mean,,,,,2,20,16,True,0.5752465096436361,0.5,,,,,,,,,
1,IMOEX,49,0,999.0,251.0,2019-03-04,2020-03-02,2,50,16,True,0.5697211155378487,0.5,0.5697211155378487,1.0,0.7258883248730965,0.5697211155378487,1.0,143.0,0.0,108.0,0.0
1,IMOEX,49,1,1503.0,251.0,2021-03-05,2022-03-25,2,50,16,True,0.549800796812749,0.5,0.549800796812749,1.0,0.7095115681233933,0.549800796812749,1.0,138.0,0.0,113.0,0.0
1,IMOEX,49,2,2007.0,193.0,2023-03-29,2023-12-27,2,50,16,True,0.6062176165803109,0.5,0.6062176165803109,1.0,0.7548387096774194,0.6062176165803109,1.0,117.0,0.0,76.0,0.0
1,IMOEX,49,mean,,,,,2,50,16,True,0.5752465096436361,0.5,,,,,,,,,
1,IMOEX,50,0,999.0,251.0,2019-03-04,2020-03-02,3,20,16,True,0.5697211155378487,0.5,0.5697211155378487,1.0,0.7258883248730965,0.5697211155378487,1.0,143.0,0.0,108.0,0.0
1,IMOEX,50,1,1503.0,251.0,2021-03-05,2022-03-25,3,20,16,True,0.549800796812749,0.5,0.549800796812749,1.0,0.7095115681233933,0.549800796812749,1.0,138.0,0.0,113.0,0.0
1,IMOEX,50,2,2007.0,193.0,2023-03-29,2023-12-27,3,20,16,True,0.6062176165803109,0.5,0.6062176165803109,1.0,0.7548387096774194,0.6062176165803109,1.0,117.0,0.0,76.0,0.0
1,IMOEX,50,mean,,,,,3,20,16,True,0.5752465096436361,0.5,,,,,,,,,
1,IMOEX,51,0,999.0,251.0,2019-03-04,2020-03-02,3,50,16,True,0.5697211155378487,0.5,0.5697211155378487,1.0,0.7258883248730965,0.5697211155378487,1.0,143.0,0.0,108.0,0.0
1,IMOEX,51,1,1503.0,251.0,2021-03-05,2022-03-25,3,50,16,True,0.549800796812749,0.5,0.549800796812749,1.0,0.7095115681233933,0.549800796812749,1.0,138.0,0.0,113.0,0.0
1,IMOEX,51,2,2007.0,193.0,2023-03-29,2023-12-27,3,50,16,True,0.6062176165803109,0.5,0.6062176165803109,1.0,0.7548387096774194,0.6062176165803109,1.0,117.0,0.0,76.0,0.0
1,IMOEX,51,mean,,,,,3,50,16,True,0.5752465096436361,0.5,,,,,,,,,
1,RTSI,0,0,999.0,251.0,2019-03-04,2020-03-02,1,10,8,False,0.5657370517928287,0.5,0.5657370517928287,1.0,0.7226463104325701,0.5657370517928287,1.0,142.0,0.0,109.0,0.0
1,RTSI,0,1,1503.0,251.0,2021-03-05,2022-03-24,1,10,8,False,0.5737051792828686,0.5,0.5737051792828686,1.0,0.729113924050633,0.5737051792828686,1.0,144.0,0.0,107.0,0.0
1,RTSI,0,2,2007.0,194.0,2023-03-28,2023-12-27,1,10,8,False,0.5309278350515464,0.5,0.5309278350515464,1.0,0.6936026936026937,0.5309278350515464,1.0,103.0,0.0,91.0,0.0
1,RTSI,0,mean,,,,,1,10,8,False,0.5567900220424146,0.5,,,,,,,,,
1,RTSI,1,0,999.0,251.0,2019-03-04,2020-03-02,1,10,16,False,0.5657370517928287,0.5,0.5657370517928287,1.0,0.7226463104325701,0.5657370517928287,1.0,142.0,0.0,109.0,0.0
1,RTSI,1,1,1503.0,251.0,2021-03-05,2022-03-24,1,10,16,False,0.5737051792828686,0.5,0.5737051792828686,1.0,0.729113924050633,0.5737051792828686,1.0,144.0,0.0,107.0,0.0
1,RTSI,1,2,2007.0,194.0,2023-03-28,2023-12-27,1,10,16,False,0.5309278350515464,0.5,0.5309278350515464,1.0,0.6936026936026937,0.5309278350515464,1.0,103.0,0.0,91.0,0.0
1,RTSI,1,mean,,,,,1,10,16,False,0.5567900220424146,0.5,,,,,,,,,
1,RTSI,2,0,999.0,251.0,2019-03-04,2020-03-02,1,20,8,False,0.5657370517928287,0.5,0.5657370517928287,1.0,0.7226463104325701,0.5657370517928287,1.0,142.0,0.0,109.0,0.0
1,RTSI,2,1,1503.0,251.0,2021-03-05,2022-03-24,1,20,8,False,0.5737051792828686,0.5,0.5737051792828686,1.0,0.729113924050633,0.5737051792828686,1.0,144.0,0.0,107.0,0.0
1,RTSI,2,2,2007.0,194.0,2023-03-28,2023-12-27,1,20,8,False,0.5309278350515464,0.5,0.5309278350515464,1.0,0.6936026936026937,0.5309278350515464,1.0,103.0,0.0,91.0,0.0
1,RTSI,2,mean,,,,,1,20,8,False,0.5567900220424146,0.5,,,,,,,,,
1,RTSI,3,0,999.0,251.0,2019-03-04,2020-03-02,1,20,16,False,0.5657370517928287,0.5,0.5657370517928287,1.0,0.7226463104325701,0.5657370517928287,1.0,142.0,0.0,109.0,0.0
1,RTSI,3,1,1503.0,251.0,2021-03-05,2022-03-24,1,20,16,False,0.5737051792828686,0.5,0.5737051792828686,1.0,0.729113924050633,0.5737051792828686,1.0,144.0,0.0,107.0,0.0
1,RTSI,3,2,2007.0,194.0,2023-03-28,2023-12-27,1,20,16,False,0.5309278350515464,0.5,0.5309278350515464,1.0,0.6936026936026937,0.5309278350515464,1.0,103.0,0.0,91.0,0.0
1,RTSI,3,mean,,,,,1,20,16,False,0.5567900220424146,0.5,,,,,,,,,
1,RTSI,4,0,999.0,251.0,2019-03-04,2020-03-02,1,50,8,False,0.5657370517928287,0.5,0.5657370517928287,1.0,0.7226463104325701,0.5657370517928287,1.0,142.0,0.0,109.0,0.0
1,RTSI,4,1,1503.0,251.0,2021-03-05,2022-03-24,1,50,8,False,0.5737051792828686,0.5,0.5737051792828686,1.0,0.729113924050633,0.5737051792828686,1.0,144.0,0.0,107.0,0.0
1,RTSI,4,2,2007.0,194.0,2023-03-28,2023-12-27,1,50,8,False,0.5309278350515464,0.5,0.5309278350515464,1.0,0.6936026936026937,0.5309278350515464,1.0,103.0,0.0,91.0,0.0
1,RTSI,4,mean,,,,,1,50,8,False,0.5567900220424146,0.5,,,,,,,,,
1,RTSI,5,0,999.0,251.0,2019-03-04,2020-03-02,1,50,16,False,0.5657370517928287,0.5,0.5657370517928287,1.0,0.7226463104325701,0.5657370517928287,1.0,142.0,0.0,109.0,0.0
1,RTSI,5,1,1503.0,251.0,2021-03-05,2022-03-24,1,50,16,False,0.5737051792828686,0.5,0.5737051792828686,1.0,0.729113924050633,0.5737051792828686,1.0,144.0,0.0,107.0,0.0
1,RTSI,5,2,2007.0,194.0,2023-03-28,2023-12-27,1,50,16,False,0.5309278350515464,0.5,0.5309278350515464,1.0,0.6936026936026937,0.5309278350515464,1.0,103.0,0.0,91.0,0.0
1,RTSI,5,mean,,,,,1,50,16,False,0.5567900220424146,0.5,,,,,,,,,
1,RTSI,6,0,999.0,251.0,2019-03-04,2020-03-02,1,100,8,False,0.5657370517928287,0.5,0.5657370517928287,1.0,0.7226463104325701,0.5657370517928287,1.0,142.0,0.0,109.0,0.0
1,RTSI,6,1,1503.0,251.0,2021-03-05,2022-03-24,1,100,8,False,0.5737051792828686,0.5,0.5737051792828686,1.0,0.729113924050633,0.5737051792828686,1.0,144.0,0.0,107.0,0.0
1,RTSI,6,2,2007.0,194.0,2023-03-28,2023-12-27,1,100,8,False,0.5309278350515464,0.5,0.5309278350515464,1.0,0.6936026936026937,0.5309278350515464,1.0,103.0,0.0,91.0,0.0
1,RTSI,6,mean,,,,,1,100,8,False,0.5567900220424146,0.5,,,,,,,,,
1,RTSI,7,0,999.0,251.0,2019-03-04,2020-03-02,1,100,16,False,0.5657370517928287,0.5,0.5657370517928287,1.0,0.7226463104325701,0.5657370517928287,1.0,142.0,0.0,109.0,0.0
1,RTSI,7,1,1503.0,251.0,2021-03-05,2022-03-24,1,100,16,False,0.5737051792828686,0.5,0.5737051792828686,1.0,0.729113924050633,0.5737051792828686,1.0,144.0,0.0,107.0,0.0
1,RTSI,7,2,2007.0,194.0,2023-03-28,2023-12-27,1,100,16,False,0.5309278350515464,0.5,0.5309278350515464,1.0,0.6936026936026937,0.5309278350515464,1.0,103.0,0.0,91.0,0.0
1,RTSI,7,mean,,,,,1,100,16,False,0.5567900220424146,0.5,,,,,,,,,
1,RTSI,8,0,999.0,251.0,2019-03-04,2020-03-02,2,10,8,False,0.5298804780876494,0.4779041219795839,0.5535714285714286,0.8732394366197183,0.6775956284153005,0.5657370517928287,0.8924302788844621,124.0,9.0,100.0,18.0
1,RTSI,8,1,1503.0,251.0,2021-03-05,2022-03-24,2,10,8,False,0.5418326693227091,0.49863707165109034,0.5728643216080402,0.7916666666666666,0.6647230320699709,0.5737051792828686,0.7928286852589641,114.0,22.0,85.0,30.0
1,RTSI,8,2,2007.0,194.0,2023-03-28,2023-12-27,2,10,8,False,0.5309278350515464,0.5,0.5309278350515464,1.0,0.6936026936026937,0.5309278350515464,1.0,103.0,0.0,91.0,0.0
1,RTSI,8,mean,,,,,2,10,8,False,0.5342136608206349,0.49218039787689144,,,,,,,,,
1,RTSI,9,0,999.0,251.0,2019-03-04,2020-03-02,2,10,16,False,0.5737051792828686,0.5624757720635741,0.6174496644295302,0.647887323943662,0.6323024054982819,0.5657370517928287,0.5936254980079682,92.0,52.0,57.0,50.0
1,RTSI,9,1,1503.0,251.0,2021-03-05,2022-03-24,2,10,16,False,0.5737051792828686,0.5,0.5737051792828686,1.0,0.729113924050633,0.5737051792828686,1.0,144.0,0.0,107.0,0.0
1,RTSI,9,2,2007.0,194.0,2023-03-28,2023-12-27,2,10,16,False,0.5309278350515464,0.5,0.5309278350515464,1.0,0.6936026936026937,0.5309278350515464,1.0,103.0,0.0,91.0,0.0
1,RTSI,9,mean,,,,,2,10,16,False,0.5594460645390945,0.5208252573545247,,,,,,,,,
1,RTSI,10,0,999.0,251.0,2019-03-04,2020-03-02,2,20,8,False,0.5298804780876494,0.4779041219795839,0.5535714285714286,0.8732394366197183,0.6775956284153005,0.5657370517928287,0.8924302788844621,124.0,9.0,100.0,18.0
1,RTSI,10,1,1503.0,251.0,2021-03-05,2022-03-24,2,20,8,False,0.5418326693227091,0.49863707165109034,0.5728643216080402,0.7916666666666666,0.6647230320699709,0.5737051792828686,0.7928286852589641,114.0,22.0,85.0,30.0
1,RTSI,10,2,2007.0,194.0,2023-03-28,2023-12-27,2,20,8,False,0.5309278350515464,0.5,0.5309278350515464,1.0,0.6936026936026937,0.5309278350515464,1.0,103.0,0.0,91.0,0.0
1,RTSI,10,mean,,,,,2,20,8,False,0.5342136608206349,0.49218039787689144,,,,,,,,,
1,RTSI,11,0,999.0,251.0,2019-03-04,2020-03-02,2,20,16,False,0.5737051792828686,0.5624757720635741,0.6174496644295302,0.647887323943662,0.6323024054982819,0.5657370517928287,0.5936254980079682,92.0,52.0,57.0,50.0
1,RTSI,11,1,1503.0,251.0,2021-03-05,2022-03-24,2,20,16,False,0.5737051792828686,0.5,0.5737051792828686,1.0,0.729113924050633,0.5737051792828686,1.0,144.0,0.0,107.0,0.0
1,RTSI,11,2,2007.0,194.0,2023-03-28,2023-12-27,2,20,16,False,0.5309278350515464,0.5,0.5309278350515464,1.0,0.6936026936026937,0.5309278350515464,1.0,103.0,0.0,91.0,0.0
1,RTSI,11,mean,,,,,2,20,16,False,0.5594460645390945,0.5208252573545247,,,,,,,,,
1,RTSI,12,0,999.0,251.0,2019-03-04,2020-03-02,2,50,8,False,0.5298804780876494,0.4779041219795839,0.5535714285714286,0.8732394366197183,0.6775956284153005,0.5657370517928287,0.8924302788844621,124.0,9.0,100.0,18.0
1,RTSI,12,1,1503.0,251.0,2021-03-05,2022-03-24,2,50,8,False,0.5418326693227091,0.49863707165109034,0.5728643216080402,0.7916666666666666,0.6647230320699709,0.5737051792828686,0.7928286852589641,114.0,22.0,85.0,30.0
1,RTSI,12,2,2007.0,194.0,2023-03-28,2023-12-27,2,50,8,False,0.5309278350515464,0.5,0.5309278350515464,1.0,0.6936026936026937,0.5309278350515464,1.0,103.0,0.0,91.0,0.0
1,RTSI,12,mean,,,,,2,50,8,False,0.5342136608206349,0.49218039787689144,,,,,,,,,
1,RTSI,13,0,999.0,251.0,2019-03-04,2020-03-02,2,50,16,False,0.5737051792828686,0.5624757720635741,0.6174496644295302,0.647887323943662,0.6323024054982819,0.5657370517928287,0.5936254980079682,92.0,52.0,57.0,50.0
1,RTSI,13,1,1503.0,251.0,2021-03-05,2022-03-24,2,50,16,False,0.5737051792828686,0.5,0.5737051792828686,1.0,0.729113924050633,0.5737051792828686,1.0,144.0,0.0,107.0,0.0
1,RTSI,13,2,2007.0,194.0,2023-03-28,2023-12-27,2,50,16,False,0.5309278350515464,0.5,0.5309278350515464,1.0,0.6936026936026937,0.5309278350515464,1.0,103.0,0.0,91.0,0.0
1,RTSI,13,mean,,,,,2,50,16,False,0.5594460645390945,0.5208252573545247,,,,,,,,,
1,RTSI,14,0,999.0,251.0,2019-03-04,2020-03-02,2,100,8,False,0.5298804780876494,0.4779041219795839,0.5535714285714286,0.8732394366197183,0.6775956284153005,0.5657370517928287,0.8924302788844621,124.0,9.0,100.0,18.0
1,RTSI,14,1,1503.0,251.0,2021-03-05,2022-03-24,2,100,8,False,0.5418326693227091,0.49863707165109034,0.5728643216080402,0.7916666666666666,0.6647230320699709,0.5737051792828686,0.7928286852589641,114.0,22.0,85.0,30.0
1,RTSI,14,2,2007.0,194.0,2023-03-28,2023-12-27,2,100,8,False,0.5309278350515464,0.5,0.5309278350515464,1.0,0.6936026936026937,0.5309278350515464,1.0,103.0,0.0,91.0,0.0
1,RTSI,14,mean,,,,,2,100,8,False,0.5342136608206349,0.49218039787689144,,,,,,,,,
1,RTSI,15,0,999.0,251.0,2019-03-04,2020-03-02,2,100,16,False,0.5737051792828686,0.5624757720635741,0.6174496644295302,0.647887323943662,0.6323024054982819,0.5657370517928287,0.5936254980079682,92.0,52.0,57.0,50.0
1,RTSI,15,1,1503.0,251.0,2021-03-05,2022-03-24,2,100,16,False,0.5737051792828686,0.5,0.5737051792828686,1.0,0.729113924050633,0.5737051792828686,1.0,144.0,0.0,107.0,0.0
1,RTSI,15,2,2007.0,194.0,2023-03-28,2023-12-27,2,100,16,False,0.5309278350515464,0.5,0.5309278350515464,1.0,0.6936026936026937,0.5309278350515464,1.0,103.0,0.0,91.0,0.0
1,RTSI,15,mean,,,,,2,100,16,False,0.5594460645390945,0.5208252573545247,,,,,,,,,
1,RTSI,16,0,999.0,251.0,2019-03-04,2020-03-02,3,10,8,False,0.5099601593625498,0.4954774518671663,0.5620915032679739,0.6056338028169014,0.5830508474576273,0.5657370517928287,0.6095617529880478,86.0,42.0,67.0,56.0
1,RTSI,16,1,1503.0,251.0,2021-03-05,2022-03-24,3,10,8,False,0.5577689243027888,0.4993185358255452,0.5733333333333334,0.8958333333333334,0.6991869918699187,0.5737051792828686,0.896414342629482,129.0,11.0,96.0,15.0
1,RTSI,16,2,2007.0,194.0,2023-03-28,2023-12-27,3,10,8,False,0.5257731958762887,0.5073082257548277,0.535483870967742,0.8058252427184466,0.6434108527131783,0.5309278350515464,0.7989690721649485,83.0,19.0,72.0,20.0
1,RTSI,16,mean,,,,,3,10,8,False,0.5311674265138757,0.5007014044825131,,,,,,,,,
1,RTSI,17,0,999.0,251.0,2019-03-04,2020-03-02,3,10,16,False,0.5617529880478087,0.5444501873627083,0.6,0.676056338028169,0.6357615894039734,0.5657370517928287,0.6374501992031872,96.0,45.0,64.0,46.0
1,RTSI,17,1,1503.0,251.0,2021-03-05,2022-03-24,3,10,16,False,0.5418326693227091,0.5058411214953271,0.5775401069518716,0.75,0.6525679758308156,0.5737051792828686,0.7450199203187251,108.0,28.0,79.0,36.0
1,RTSI,17,2,2007.0,194.0,2023-03-28,2023-12-27,3,10,16,False,0.5154639175257731,0.4854368932038835,0.5235602094240838,0.970873786407767,0.6802721088435375,0.5309278350515464,0.9845360824742269,100.0,0.0,91.0,3.0
1,RTSI,17,mean,,,,,3,10,16,False,0.539683191632097,0.5119094006873063,,,,,,,,,
1,RTSI,18,0,999.0,251.0,2019-03-04,2020-03-02,3,20,8,False,0.5099601593625498,0.4954774518671663,0.5620915032679739,0.6056338028169014,0.5830508474576273,0.5657370517928287,0.6095617529880478,86.0,42.0,67.0,56.0
1,RTSI,18,1,1503.0,251.0,2021-03-05,2022-03-24,3,20,8,False,0.5577689243027888,0.4993185358255452,0.5733333333333334,0.8958333333333334,0.6991869918699187,0.5737051792828686,0.896414342629482,129.0,11.0,96.0,15.0
1,RTSI,18,2,2007.0,194.0,2023-03-28,2023-12-27,3,20,8,False,0.5257731958762887,0.5073082257548277,0.535483870967742,0.8058252427184466,0.6434108527131783,0.5309278350515464,0.7989690721649485,83.0,19.0,72.0,20.0
1,RTSI,18,mean,,,,,3,20,8,False,0.5311674265138757,0.5007014044825131,,,,,,,,,
1,RTSI,19,0,999.0,251.0,2019-03-04,2020-03-02,3,20,16,False,0.5617529880478087,0.5444501873627083,0.6,0.676056338028169,0.6357615894039734,0.5657370517928287,0.6374501992031872,96.0,45.0,64.0,46.0
1,RTSI,19,1,1503.0,251.0,2021-03-05,2022-03-24,3,20,16,False,0.5418326693227091,0.5058411214953271,0.5775401069518716,0.75,0.6525679758308156,0.5737051792828686,0.7450199203187251,108.0,28.0,79.0,36.0
1,RTSI,19,2,2007.0,194.0,2023-03-28,2023-12-27,3,20,16,False,0.5154639175257731,0.4854368932038835,0.5235602094240838,0.970873786407767,0.6802721088435375,0.5309278350515464,0.9845360824742269,100.0,0.0,91.0,3.0
1,RTSI,19,mean,,,,,3,20,16,False,0.539683191632097,0.5119094006873063,,,,,,,,,
1,RTSI,20,0,999.0,251.0,2019-03-04,2020-03-02,3,50,8,False,0.5099601593625498,0.4954774518671663,0.5620915032679739,0.6056338028169014,0.5830508474576273,0.5657370517928287,0.6095617529880478,86.0,42.0,67.0,56.0
1,RTSI,20,1,1503.0,251.0,2021-03-05,2022-03-24,3,50,8,False,0.5577689243027888,0.4993185358255452,0.5733333333333334,0.8958333333333334,0.6991869918699187,0.5737051792828686,0.896414342629482,129.0,11.0,96.0,15.0
1,RTSI,20,2,2007.0,194.0,2023-03-28,2023-12-27,3,50,8,False,0.5257731958762887,0.5073082257548277,0.535483870967742,0.8058252427184466,0.6434108527131783,0.5309278350515464,0.7989690721649485,83.0,19.0,72.0,20.0
1,RTSI,20,mean,,,,,3,50,8,False,0.5311674265138757,0.5007014044825131,,,,,,,,,
1,RTSI,21,0,999.0,251.0,2019-03-04,2020-03-02,3,50,16,False,0.5617529880478087,0.5444501873627083,0.6,0.676056338028169,0.6357615894039734,0.5657370517928287,0.6374501992031872,96.0,45.0,64.0,46.0
1,RTSI,21,1,1503.0,251.0,2021-03-05,2022-03-24,3,50,16,False,0.5418326693227091,0.5058411214953271,0.5775401069518716,0.75,0.6525679758308156,0.5737051792828686,0.7450199203187251,108.0,28.0,79.0,36.0
1,RTSI,21,2,2007.0,194.0,2023-03-28,2023-12-27,3,50,16,False,0.5154639175257731,0.4854368932038835,0.5235602094240838,0.970873786407767,0.6802721088435375,0.5309278350515464,0.9845360824742269,100.0,0.0,91.0,3.0
1,RTSI,21,mean,,,,,3,50,16,False,0.539683191632097,0.5119094006873063,,,,,,,,,
1,RTSI,22,0,999.0,251.0,2019-03-04,2020-03-02,3,100,8,False,0.49800796812749004,0.4891781883964337,0.5563380281690141,0.5563380281690141,0.5563380281690141,0.5657370517928287,0.5657370517928287,79.0,46.0,63.0,63.0
1,RTSI,22,1,1503.0,251.0,2021-03-05,2022-03-24,3,100,8,False,0.5577689243027888,0.4993185358255452,0.5733333333333334,0.8958333333333334,0.6991869918699187,0.5737051792828686,0.896414342629482,129.0,11.0,96.0,15.0
1,RTSI,22,2,2007.0,194.0,2023-03-28,2023-12-27,3,100,8,False,0.5257731958762887,0.5073082257548277,0.535483870967742,0.8058252427184466,0.6434108527131783,0.5309278350515464,0.7989690721649485,83.0,19.0,72.0,20.0
1,RTSI,22,mean,,,,,3,100,8,False,0.5271833627688558,0.4986016499922689,,,,,,,,,
1,RTSI,23,0,999.0,251.0,2019-03-04,2020-03-02,3,100,16,False,0.5617529880478087,0.5444501873627083,0.6,0.676056338028169,0.6357615894039734,0.5657370517928287,0.6374501992031872,96.0,45.0,64.0,46.0
1,RTSI,23,1,1503.0,251.0,2021-03-05,2022-03-24,3,100,16,False,0.5418326693227091,0.5058411214953271,0.5775401069518716,0.75,0.6525679758308156,0.5737051792828686,0.7450199203187251,108.0,28.0,79.0,36.0
1,RTSI,23,2,2007.0,194.0,2023-03-28,2023-12-27,3,100,16,False,0.5154639175257731,0.4854368932038835,0.5235602094240838,0.970873786407767,0.6802721088435375,0.5309278350515464,0.9845360824742269,100.0,0.0,91.0,3.0
1,RTSI,23,mean,,,,,3,100,16,False,0.539683191632097,0.5119094006873063,,,,,,,,,
1,RTSI,24,0,999.0,251.0,2019-03-04,2020-03-02,4,10,8,False,0.4940239043824701,0.45580824395916786,0.5380710659898477,0.7464788732394366,0.6253687315634218,0.5657370517928287,0.7848605577689243,106.0,18.0,91.0,36.0
1,RTSI,24,1,1503.0,251.0,2021-03-05,2022-03-24,4,10,8,False,0.5418326693227091,0.5118444963655244,0.5819209039548022,0.7152777777777778,0.6417445482866043,0.5737051792828686,0.7051792828685259,103.0,33.0,74.0,41.0
1,RTSI,24,2,2007.0,194.0,2023-03-28,2023-12-27,4,10,8,False,0.5463917525773195,0.5241651552331165,0.5449101796407185,0.883495145631068,0.674074074074074,0.5309278350515464,0.8608247422680413,91.0,15.0,76.0,12.0
1,RTSI,24,mean,,,,,4,10,8,False,0.5274161087608329,0.4972726318526029,,,,,,,,,
1,RTSI,25,0,999.0,251.0,2019-03-04,2020-03-02,4,10,16,False,0.44621513944223107,0.4444695697118491,0.5118110236220472,0.45774647887323944,0.483271375464684,0.5657370517928287,0.5059760956175299,65.0,47.0,62.0,77.0
1,RTSI,25,1,1503.0,251.0,2021-03-05,2022-03-24,4,10,16,False,0.5537848605577689,0.5066523883696781,0.5776699029126213,0.8263888888888888,0.6799999999999999,0.5737051792828686,0.8207171314741036,119.0,20.0,87.0,25.0
1,RTSI,25,2,2007.0,194.0,2023-03-28,2023-12-27,4,10,16,False,0.4845360824742268,0.4639923183612504,0.5093167701863354,0.7961165048543689,0.6212121212121212,0.5309278350515464,0.8298969072164949,82.0,12.0,79.0,21.0
1,RTSI,25,mean,,,,,4,10,16,False,0.4948453608247423,0.47170475881425916,,,,,,,,,
1,RTSI,26,0,999.0,251.0,2019-03-04,2020-03-02,4,20,8,False,0.4940239043824701,0.45580824395916786,0.5380710659898477,0.7464788732394366,0.6253687315634218,0.5657370517928287,0.7848605577689243,106.0,18.0,91.0,36.0
1,RTSI,26,1,1503.0,251.0,2021-03-05,2022-03-24,4,20,8,False,0.5418326693227091,0.5118444963655244,0.5819209039548022,0.7152777777777778,0.6417445482866043,0.5737051792828686,0.7051792828685259,103.0,33.0,74.0,41.0
1,RTSI,26,2,2007.0,194.0,2023-03-28,2023-12-27,4,20,8,False,0.5463917525773195,0.5241651552331165,0.5449101796407185,0.883495145631068,0.674074074074074,0.5309278350515464,0.8608247422680413,91.0,15.0,76.0,12.0
1,RTSI,26,mean,,,,,4,20,8,False,0.5274161087608329,0.4972726318526029,,,,,,,,,
1,RTSI,27,0,999.0,251.0,2019-03-04,2020-03-02,4,20,16,False,0.44621513944223107,0.4444695697118491,0.5118110236220472,0.45774647887323944,0.483271375464684,0.5657370517928287,0.5059760956175299,65.0,47.0,62.0,77.0
1,RTSI,27,1,1503.0,251.0,2021-03-05,2022-03-24,4,20,16,False,0.5537848605577689,0.5066523883696781,0.5776699029126213,0.8263888888888888,0.6799999999999999,0.5737051792828686,0.8207171314741036,119.0,20.0,87.0,25.0
1,RTSI,27,2,2007.0,194.0,2023-03-28,2023-12-27,4,20,16,False,0.4845360824742268,0.4639923183612504,0.5093167701863354,0.7961165048543689,0.6212121212121212,0.5309278350515464,0.8298969072164949,82.0,12.0,79.0,21.0
1,RTSI,27,mean,,,,,4,20,16,False,0.4948453608247423,0.47170475881425916,,,,,,,,,
1,RTSI,28,0,999.0,251.0,2019-03-04,2020-03-02,4,50,8,False,0.5258964143426295,0.5031657836929836,0.5680473372781065,0.676056338028169,0.617363344051447,0.5657370517928287,0.6733067729083665,96.0,36.0,73.0,46.0
1,RTSI,28,1,1503.0,251.0,2021-03-05,2022-03-24,4,50,8,False,0.5418326693227091,0.5118444963655244,0.5819209039548022,0.7152777777777778,0.6417445482866043,0.5737051792828686,0.7051792828685259,103.0,33.0,74.0,41.0
1,RTSI,28,2,2007.0,194.0,2023-03-28,2023-12-27,4,50,8,False,0.5463917525773195,0.5241651552331165,0.5449101796407185,0.883495145631068,0.674074074074074,0.5309278350515464,0.8608247422680413,91.0,15.0,76.0,12.0
1,RTSI,28,mean,,,,,4,50,8,False,0.5380402787475527,0.5130584784305415,,,,,,,,,
1,RTSI,29,0,999.0,251.0,2019-03-04,2020-03-02,4,50,16,False,0.47808764940239046,0.48969505104018607,0.5533980582524272,0.4014084507042254,0.4653061224489796,0.5657370517928287,0.4103585657370518,57.0,63.0,46.0,85.0
1,RTSI,29,1,1503.0,251.0,2021-03-05,2022-03-24,4,50,16,False,0.5537848605577689,0.5066523883696781,0.5776699029126213,0.8263888888888888,0.6799999999999999,0.5737051792828686,0.8207171314741036,119.0,20.0,87.0,25.0
1,RTSI,29,2,2007.0,194.0,2023-03-28,2023-12-27,4,50,16,False,0.4845360824742268,0.4639923183612504,0.5093167701863354,0.7961165048543689,0.6212121212121212,0.5309278350515464,0.8298969072164949,82.0,12.0,79.0,21.0
1,RTSI,29,mean,,,,,4,50,16,False,0.5054695308114621,0.4867799192570382,,,,,,,,,
1,RTSI,30,0,999.0,251.0,2019-03-04,2020-03-02,4,100,8,False,0.49800796812749004,0.4891781883964337,0.5563380281690141,0.5563380281690141,0.5563380281690141,0.5657370517928287,0.5657370517928287,79.0,46.0,63.0,63.0
1,RTSI,30,1,1503.0,251.0,2021-03-05,2022-03-24,4,100,8,False,0.5577689243027888,0.4993185358255452,0.5733333333333334,0.8958333333333334,0.6991869918699187,0.5737051792828686,0.896414342629482,129.0,11.0,96.0,15.0
1,RTSI,30,2,2007.0,194.0,2023-03-28,2023-12-27,4,100,8,False,0.5412371134020618,0.5193107863010775,0.5421686746987951,0.8737864077669902,0.6691449814126393,0.5309278350515464,0.8556701030927835,90.0,15.0,76.0,13.0
1,RTSI,30,mean,,,,,4,100,8,False,0.5323380019441135,0.5026025035076854,,,,,,,,,
1,RTSI,31,0,999.0,251.0,2019-03-04,2020-03-02,4,100,16,False,0.5617529880478087,0.5444501873627083,0.6,0.676056338028169,0.6357615894039734,0.5657370517928287,0.6374501992031872,96.0,45.0,64.0,46.0
1,RTSI,31,1,1503.0,251.0,2021-03-05,2022-03-24,4,100,16,False,0.5537848605577689,0.5078530633437175,0.5784313725490197,0.8194444444444444,0.67816091954023,0.5737051792828686,0.8127490039840638,118.0,21.0,86.0,26.0
1,RTSI,31,2,2007.0,194.0,2023-03-28,2023-12-27,4,100,16,False,0.4845360824742268,0.4639923183612504,0.5093167701863354,0.7961165048543689,0.6212121212121212,0.5309278350515464,0.8298969072164949,82.0,12.0,79.0,21.0
1,RTSI,31,mean,,,,,4,100,16,False,0.5333579770266015,0.505431856355892,,,,,,,,,
1,RTSI,32,0,999.0,251.0,2019-03-04,2020-03-02,5,10,8,False,0.5258964143426295,0.5063638713012018,0.5705521472392638,0.6549295774647887,0.6098360655737706,0.5657370517928287,0.649402390438247,93.0,39.0,70.0,49.0
1,RTSI,32,1,1503.0,251.0,2021-03-05,2022-03-24,5,10,8,False,0.5219123505976095,0.49448338525441327,0.5697674418604651,0.6805555555555556,0.6202531645569621,0.5737051792828686,0.6852589641434262,98.0,33.0,74.0,46.0
1,RTSI,32,2,2007.0,194.0,2023-03-28,2023-12-27,5,10,8,False,0.5360824742268041,0.5189373733063053,0.543046357615894,0.7961165048543689,0.6456692913385828,0.5309278350515464,0.7783505154639175,82.0,22.0,69.0,21.0
1,RTSI,32,mean,,,,,5,10,8,False,0.5279637463890143,0.5065948766206402,,,,,,,,,
1,RTSI,33,0,999.0,251.0,2019-03-04,2020-03-02,5,10,16,False,0.4900398406374502,0.49386225610544,0.559322033898305,0.4647887323943662,0.5076923076923078,0.5657370517928287,0.4701195219123506,66.0,57.0,52.0,76.0
1,RTSI,33,1,1503.0,251.0,2021-03-05,2022-03-24,5,10,16,False,0.5418326693227091,0.5154465212876428,0.5847953216374269,0.6944444444444444,0.6349206349206349,0.5737051792828686,0.6812749003984063,100.0,36.0,71.0,44.0
1,RTSI,33,2,2007.0,194.0,2023-03-28,2023-12-27,5,10,16,False,0.5257731958762887,0.512429318254561,0.539568345323741,0.7281553398058253,0.6198347107438017,0.5309278350515464,0.7164948453608248,75.0,27.0,64.0,28.0
1,RTSI,33,mean,,,,,5,10,16,False,0.519215235278816,0.5072460318825479,,,,,,,,,
1,RTSI,34,0,999.0,251.0,2019-03-04,2020-03-02,5,20,8,False,0.5179282868525896,0.5089158806047294,0.5734265734265734,0.5774647887323944,0.5754385964912281,0.5657370517928287,0.5697211155378487,82.0,48.0,61.0,60.0
1,RTSI,34,1,1503.0,251.0,2021-03-05,2022-03-24,5,20,8,False,0.5338645418326693,0.5049000519210799,0.5771428571428572,0.7013888888888888,0.6332288401253918,0.5737051792828686,0.6972111553784861,101.0,33.0,74.0,43.0
1,RTSI,34,2,2007.0,194.0,2023-03-28,2023-12-27,5,20,8,False,0.5360824742268041,0.5189373733063053,0.543046357615894,0.7961165048543689,0.6456692913385828,0.5309278350515464,0.7783505154639175,82.0,22.0,69.0,21.0
1,RTSI,34,mean,,,,,5,20,8,False,0.5292917676373543,0.5109177686107048,,,,,,,,,
1,RTSI,35,0,999.0,251.0,2019-03-04,2020-03-02,5,20,16,False,0.4860557768924303,0.482878924925701,0.549618320610687,0.5070422535211268,0.5274725274725275,0.5657370517928287,0.5219123505976095,72.0,50.0,59.0,70.0
1,RTSI,35,1,1503.0,251.0,2021-03-05,2022-03-24,5,20,16,False,0.5418326693227091,0.5154465212876428,0.5847953216374269,0.6944444444444444,0.6349206349206349,0.5737051792828686,0.6812749003984063,100.0,36.0,71.0,44.0
1,RTSI,35,2,2007.0,194.0,2023-03-28,2023-12-27,5,20,16,False,0.5257731958762887,0.512429318254561,0.539568345323741,0.7281553398058253,0.6198347107438017,0.5309278350515464,0.7164948453608248,75.0,27.0,64.0,28.0
1,RTSI,35,mean,,,,,5,20,16,False,0.517887214030476,0.5035849214893016,,,,,,,,,
1,RTSI,36,0,999.0,251.0,2019-03-04,2020-03-02,5,50,8,False,0.5258964143426295,0.5031657836929836,0.5680473372781065,0.676056338028169,0.617363344051447,0.5657370517928287,0.6733067729083665,96.0,36.0,73.0,46.0
1,RTSI,36,1,1503.0,251.0,2021-03-05,2022-03-24,5,50,8,False,0.545816733067729,0.518918743509865,0.5872093023255814,0.7013888888888888,0.6392405063291139,0.5737051792828686,0.6852589641434262,101.0,36.0,71.0,43.0
1,RTSI,36,2,2007.0,194.0,2023-03-28,2023-12-27,5,50,8,False,0.5463917525773195,0.5260855649205164,0.546583850931677,0.8543689320388349,0.6666666666666666,0.5309278350515464,0.8298969072164949,88.0,18.0,73.0,15.0
1,RTSI,36,mean,,,,,5,50,8,False,0.5393682999958926,0.5160566973744549,,,,,,,,,
1,RTSI,37,0,999.0,251.0,2019-03-04,2020-03-02,5,50,16,False,0.47808764940239046,0.48969505104018607,0.5533980582524272,0.4014084507042254,0.4653061224489796,0.5657370517928287,0.4103585657370518,57.0,63.0,46.0,85.0
1,RTSI,37,1,1503.0,251.0,2021-03-05,2022-03-24,5,50,16,False,0.545816733067729,0.5009086188992731,0.5742574257425742,0.8055555555555556,0.6705202312138728,0.5737051792828686,0.8047808764940239,116.0,21.0,86.0,28.0
1,RTSI,37,2,2007.0,194.0,2023-03-28,2023-12-27,5,50,16,False,0.5257731958762887,0.512429318254561,0.539568345323741,0.7281553398058253,0.6198347107438017,0.5309278350515464,0.7164948453608248,75.0,27.0,64.0,28.0
1,RTSI,37,mean,,,,,5,50,16,False,0.516559192782136,0.5010109960646734,,,,,,,,,
1,RTSI,38,0,999.0,251.0,2019-03-04,2020-03-02,5,100,8,False,0.49800796812749004,0.4891781883964337,0.5563380281690141,0.5563380281690141,0.5563380281690141,0.5657370517928287,0.5657370517928287,79.0,46.0,63.0,63.0
1,RTSI,38,1,1503.0,251.0,2021-03-05,2022-03-24,5,100,8,False,0.5577689243027888,0.4993185358255452,0.5733333333333334,0.8958333333333334,0.6991869918699187,0.5737051792828686,0.896414342629482,129.0,11.0,96.0,15.0
1,RTSI,38,2,2007.0,194.0,2023-03-28,2023-12-27,5,100,8,False,0.5412371134020618,0.5193107863010775,0.5421686746987951,0.8737864077669902,0.6691449814126393,0.5309278350515464,0.8556701030927835,90.0,15.0,76.0,13.0
1,RTSI,38,mean,,,,,5,100,8,False,0.5323380019441135,0.5026025035076854,,,,,,,,,
1,RTSI,39,0,999.0,251.0,2019-03-04,2020-03-02,5,100,16,False,0.5617529880478087,0.5444501873627083,0.6,0.676056338028169,0.6357615894039734,0.5657370517928287,0.6374501992031872,96.0,45.0,64.0,46.0
1,RTSI,39,1,1503.0,251.0,2021-03-05,2022-03-24,5,100,16,False,0.5537848605577689,0.5078530633437175,0.5784313725490197,0.8194444444444444,0.67816091954023,0.5737051792828686,0.8127490039840638,118.0,21.0,86.0,26.0
1,RTSI,39,2,2007.0,194.0,2023-03-28,2023-12-27,5,100,16,False,0.4845360824742268,0.4639923183612504,0.5093167701863354,0.7961165048543689,0.6212121212121212,0.5309278350515464,0.8298969072164949,82.0,12.0,79.0,21.0
1,RTSI,39,mean,,,,,5,100,16,False,0.5333579770266015,0.505431856355892,,,,,,,,,
1,RTSI,40,0,999.0,251.0,2019-03-04,2020-03-02,6,10,8,False,0.545816733067729,0.536761855536891,0.5972222222222222,0.6056338028169014,0.6013986013986014,0.5657370517928287,0.5737051792828686,86.0,51.0,58.0,56.0
1,RTSI,40,1,1503.0,251.0,2021-03-05,2022-03-24,6,10,8,False,0.5378486055776892,0.5335864485981308,0.6044776119402985,0.5625,0.5827338129496402,0.5737051792828686,0.5338645418326693,81.0,54.0,53.0,63.0
1,RTSI,40,2,2007.0,194.0,2023-03-28,2023-12-27,6,10,8,False,0.5257731958762887,0.5156300010668943,0.5426356589147286,0.6796116504854369,0.603448275862069,0.5309278350515464,0.6649484536082474,70.0,32.0,59.0,33.0
1,RTSI,40,mean,,,,,6,10,8,False,0.5364795115072356,0.5286594350673054,,,,,,,,,
1,RTSI,41,0,999.0,251.0,2019-03-04,2020-03-02,6,10,16,False,0.47808764940239046,0.477968729810053,0.544,0.4788732394366197,0.5093632958801497,0.5657370517928287,0.49800796812749004,68.0,52.0,57.0,74.0
1,RTSI,41,1,1503.0,251.0,2021-03-05,2022-03-24,6,10,16,False,0.5378486055776892,0.5179776739356179,0.5875,0.6527777777777778,0.6184210526315789,0.5737051792828686,0.6374501992031872,94.0,41.0,66.0,50.0
1,RTSI,41,2,2007.0,194.0,2023-03-28,2023-12-27,6,10,16,False,0.5309278350515464,0.5243251893737331,0.5508474576271186,0.6310679611650486,0.5882352941176471,0.5309278350515464,0.6082474226804123,65.0,38.0,53.0,38.0
1,RTSI,41,mean,,,,,6,10,16,False,0.5156213633438753,0.506757197706468,,,,,,,,,
1,RTSI,42,0,999.0,251.0,2019-03-04,2020-03-02,6,20,8,False,0.5179282868525896,0.5142460266184262,0.5789473684210527,0.5422535211267606,0.56,0.5657370517928287,0.5298804780876494,77.0,53.0,56.0,65.0
1,RTSI,42,1,1503.0,251.0,2021-03-05,2022-03-24,6,20,8,False,0.5776892430278885,0.5635059709241952,0.625,0.6597222222222222,0.6418918918918919,0.5737051792828686,0.6055776892430279,95.0,50.0,57.0,49.0
1,RTSI,42,2,2007.0,194.0,2023-03-28,2023-12-27,6,20,8,False,0.5154639175257731,0.5046409900778833,0.5343511450381679,0.6796116504854369,0.5982905982905984,0.5309278350515464,0.6752577319587629,70.0,30.0,61.0,33.0
1,RTSI,42,mean,,,,,6,20,8,False,0.537027149135417,0.527464329206835,,,,,,,,,
1,RTSI,43,0,999.0,251.0,2019-03-04,2020-03-02,6,20,16,False,0.4940239043824701,0.49418529525778526,0.56,0.49295774647887325,0.5243445692883896,0.5657370517928287,0.49800796812749004,70.0,54.0,55.0,72.0
1,RTSI,43,1,1503.0,251.0,2021-03-05,2022-03-24,6,20,16,False,0.5617529880478087,0.5520184319833853,0.6180555555555556,0.6180555555555556,0.6180555555555556,0.5737051792828686,0.5737051792828686,89.0,52.0,55.0,55.0
1,RTSI,43,2,2007.0,194.0,2023-03-28,2023-12-27,6,20,16,False,0.5412371134020618,0.5340339272378107,0.5583333333333333,0.6504854368932039,0.6008968609865472,0.5309278350515464,0.6185567010309279,67.0,38.0,53.0,36.0
1,RTSI,43,mean,,,,,6,20,16,False,0.5323380019441135,0.5267458848263271,,,,,,,,,
1,RTSI,44,0,999.0,251.0,2019-03-04,2020-03-02,6,50,8,False,0.5258964143426295,0.5031657836929836,0.5680473372781065,0.676056338028169,0.617363344051447,0.5657370517928287,0.6733067729083665,96.0,36.0,73.0,46.0
1,RTSI,44,1,1503.0,251.0,2021-03-05,2022-03-24,6,50,8,False,0.545816733067729,0.518918743509865,0.5872093023255814,0.7013888888888888,0.6392405063291139,0.5737051792828686,0.6852589641434262,101.0,36.0,71.0,43.0
1,RTSI,44,2,2007.0,194.0,2023-03-28,2023-12-27,6,50,8,False,0.5463917525773195,0.5241651552331165,0.5449101796407185,0.883495145631068,0.674074074074074,0.5309278350515464,0.8608247422680413,91.0,15.0,76.0,12.0
1,RTSI,44,mean,,,,,6,50,8,False,0.5393682999958926,0.5154165608119884,,,,,,,,,
1,RTSI,45,0,999.0,251.0,2019-03-04,2020-03-02,6,50,16,False,0.47808764940239046,0.48969505104018607,0.5533980582524272,0.4014084507042254,0.4653061224489796,0.5657370517928287,0.4103585657370518,57.0,63.0,46.0,85.0
1,RTSI,45,1,1503.0,251.0,2021-03-05,2022-03-24,6,50,16,False,0.545816733067729,0.5009086188992731,0.5742574257425742,0.8055555555555556,0.6705202312138728,0.5737051792828686,0.8047808764940239,116.0,21.0,86.0,28.0
1,RTSI,45,2,2007.0,194.0,2023-03-28,2023-12-27,6,50,16,False,0.5257731958762887,0.512429318254561,0.539568345323741,0.7281553398058253,0.6198347107438017,0.5309278350515464,0.7164948453608248,75.0,27.0,64.0,28.0
1,RTSI,45,mean,,,,,6,50,16,False,0.516559192782136,0.5010109960646734,,,,,,,,,
1,RTSI,46,0,999.0,251.0,2019-03-04,2020-03-02,6,100,8,False,0.49800796812749004,0.4891781883964337,0.5563380281690141,0.5563380281690141,0.5563380281690141,0.5657370517928287,0.5657370517928287,79.0,46.0,63.0,63.0
1,RTSI,46,1,1503.0,251.0,2021-03-05,2022-03-24,6,100,8,False,0.5577689243027888,0.4993185358255452,0.5733333333333334,0.8958333333333334,0.6991869918699187,0.5737051792828686,0.896414342629482,129.0,11.0,96.0,15.0
1,RTSI,46,2,2007.0,194.0,2023-03-28,2023-12-27,6,100,8,False,0.5412371134020618,0.5193107863010775,0.5421686746987951,0.8737864077669902,0.6691449814126393,0.5309278350515464,0.8556701030927835,90.0,15.0,76.0,13.0
1,RTSI,46,mean,,,,,6,100,8,False,0.5323380019441135,0.5026025035076854,,,,,,,,,
1,RTSI,47,0,999.0,251.0,2019-03-04,2020-03-02,6,100,16,False,0.5617529880478087,0.5444501873627083,0.6,0.676056338028169,0.6357615894039734,0.5657370517928287,0.6374501992031872,96.0,45.0,64.0,46.0
1,RTSI,47,1,1503.0,251.0,2021-03-05,2022-03-24,6,100,16,False,0.5537848605577689,0.5078530633437175,0.5784313725490197,0.8194444444444444,0.67816091954023,0.5737051792828686,0.8127490039840638,118.0,21.0,86.0,26.0
1,RTSI,47,2,2007.0,194.0,2023-03-28,2023-12-27,6,100,16,False,0.4845360824742268,0.4639923183612504,0.5093167701863354,0.7961165048543689,0.6212121212121212,0.5309278350515464,0.8298969072164949,82.0,12.0,79.0,21.0
1,RTSI,47,mean,,,,,6,100,16,False,0.5333579770266015,0.505431856355892,,,,,,,,,
1,RTSI,48,0,999.0,251.0,2019-03-04,2020-03-02,2,20,16,True,0.5657370517928287,0.5,0.5657370517928287,1.0,0.7226463104325701,0.5657370517928287,1.0,142.0,0.0,109.0,0.0
1,RTSI,48,1,1503.0,251.0,2021-03-05,2022-03-24,2,20,16,True,0.5737051792828686,0.5,0.5737051792828686,1.0,0.729113924050633,0.5737051792828686,1.0,144.0,0.0,107.0,0.0
1,RTSI,48,2,2007.0,194.0,2023-03-28,2023-12-27,2,20,16,True,0.5309278350515464,0.5,0.5309278350515464,1.0,0.6936026936026937,0.5309278350515464,1.0,103.0,0.0,91.0,0.0
1,RTSI,48,mean,,,,,2,20,16,True,0.5567900220424146,0.5,,,,,,,,,
1,RTSI,49,0,999.0,251.0,2019-03-04,2020-03-02,2,50,16,True,0.5657370517928287,0.5,0.5657370517928287,1.0,0.7226463104325701,0.5657370517928287,1.0,142.0,0.0,109.0,0.0
1,RTSI,49,1,1503.0,251.0,2021-03-05,2022-03-24,2,50,16,True,0.5737051792828686,0.5,0.5737051792828686,1.0,0.729113924050633,0.5737051792828686,1.0,144.0,0.0,107.0,0.0
1,RTSI,49,2,2007.0,194.0,2023-03-28,2023-12-27,2,50,16,True,0.5309278350515464,0.5,0.5309278350515464,1.0,0.6936026936026937,0.5309278350515464,1.0,103.0,0.0,91.0,0.0
1,RTSI,49,mean,,,,,2,50,16,True,0.5567900220424146,0.5,,,,,,,,,
1,RTSI,50,0,999.0,251.0,2019-03-04,2020-03-02,3,20,16,True,0.5657370517928287,0.5,0.5657370517928287,1.0,0.7226463104325701,0.5657370517928287,1.0,142.0,0.0,109.0,0.0
1,RTSI,50,1,1503.0,251.0,2021-03-05,2022-03-24,3,20,16,True,0.5737051792828686,0.5,0.5737051792828686,1.0,0.729113924050633,0.5737051792828686,1.0,144.0,0.0,107.0,0.0
1,RTSI,50,2,2007.0,194.0,2023-03-28,2023-12-27,3,20,16,True,0.5309278350515464,0.5,0.5309278350515464,1.0,0.6936026936026937,0.5309278350515464,1.0,103.0,0.0,91.0,0.0
1,RTSI,50,mean,,,,,3,20,16,True,0.5567900220424146,0.5,,,,,,,,,
1,RTSI,51,0,999.0,251.0,2019-03-04,2020-03-02,3,50,16,True,0.5657370517928287,0.5,0.5657370517928287,1.0,0.7226463104325701,0.5657370517928287,1.0,142.0,0.0,109.0,0.0
1,RTSI,51,1,1503.0,251.0,2021-03-05,2022-03-24,3,50,16,True,0.5737051792828686,0.5,0.5737051792828686,1.0,0.729113924050633,0.5737051792828686,1.0,144.0,0.0,107.0,0.0
1,RTSI,51,2,2007.0,194.0,2023-03-28,2023-12-27,3,50,16,True,0.5309278350515464,0.5,0.5309278350515464,1.0,0.6936026936026937,0.5309278350515464,1.0,103.0,0.0,91.0,0.0
1,RTSI,51,mean,,,,,3,50,16,True,0.5567900220424146,0.5,,,,,,,,,
5,IMOEX,0,0,995.0,247.0,2019-03-04,2020-02-25,1,10,8,False,0.6032388663967612,0.49210526315789477,0.6115702479338843,0.9736842105263158,0.751269035532995,0.6153846153846154,0.979757085020243,148.0,1.0,94.0,4.0
5,IMOEX,0,1,1499.0,247.0,2021-03-05,2022-02-22,1,10,8,False,0.5506072874493927,0.5,0.5506072874493927,1.0,0.7101827676240209,0.5506072874493927,1.0,136.0,0.0,111.0,0.0
5,IMOEX,0,2,2003.0,185.0,2023-03-29,2023-12-15,1,10,8,False,0.6648648648648648,0.5,0.6648648648648648,1.0,0.7987012987012987,0.6648648648648648,1.0,123.0,0.0,62.0,0.0
5,IMOEX,0,mean,,,,,1,10,8,False,0.6062370062370062,0.4973684210526316,,,,,,,,,
5,IMOEX,1,0,995.0,247.0,2019-03-04,2020-02-25,1,10,16,False,0.4939271255060729,0.549342105263158,0.7014925373134329,0.3092105263157895,0.42922374429223753,0.6153846153846154,0.27125506072874495,47.0,75.0,20.0,105.0
5,IMOEX,1,1,1499.0,247.0,2021-03-05,2022-02-22,1,10,16,False,0.5506072874493927,0.5,0.5506072874493927,1.0,0.7101827676240209,0.5506072874493927,1.0,136.0,0.0,111.0,0.0
5,IMOEX,1,2,2003.0,185.0,2023-03-29,2023-12-15,1,10,16,False,0.6648648648648648,0.5,0.6648648648648648,1.0,0.7987012987012987,0.6648648648648648,1.0,123.0,0.0,62.0,0.0
5,IMOEX,1,mean,,,,,1,10,16,False,0.5697997592734434,0.5164473684210527,,,,,,,,,
5,IMOEX,2,0,995.0,247.0,2019-03-04,2020-02-25,1,20,8,False,0.6032388663967612,0.49210526315789477,0.6115702479338843,0.9736842105263158,0.751269035532995,0.6153846153846154,0.979757085020243,148.0,1.0,94.0,4.0
5,IMOEX,2,1,1499.0,247.0,2021-03-05,2022-02-22,1,20,8,False,0.5506072874493927,0.5,0.5506072874493927,1.0,0.7101827676240209,0.5506072874493927,1.0,136.0,0.0,111.0,0.0
5,IMOEX,2,2,2003.0,185.0,2023-03-29,2023-12-15,1,20,8,False,0.6648648648648648,0.5,0.6648648648648648,1.0,0.7987012987012987,0.6648648648648648,1.0,123.0,0.0,62.0,0.0
5,IMOEX,2,mean,,,,,1,20,8,False,0.6062370062370062,0.4973684210526316,,,,,,,,,
5,IMOEX,3,0,995.0,247.0,2019-03-04,2020-02-25,1,20,16,False,0.4939271255060729,0.549342105263158,0.7014925373134329,0.3092105263157895,0.42922374429223753,0.6153846153846154,0.27125506072874495,47.0,75.0,20.0,105.0
5,IMOEX,3,1,1499.0,247.0,2021-03-05,2022-02-22,1,20,16,False,0.5506072874493927,0.5,0.5506072874493927,1.0,0.7101827676240209,0.5506072874493927,1.0,136.0,0.0,111.0,0.0
5,IMOEX,3,2,2003.0,185.0,2023-03-29,2023-12-15,1,20,16,False,0.6648648648648648,0.5,0.6648648648648648,1.0,0.7987012987012987,0.6648648648648648,1.0,123.0,0.0,62.0,0.0
5,IMOEX,3,mean,,,,,1,20,16,False,0.5697997592734434,0.5164473684210527,,,,,,,,,
5,IMOEX,4,0,995.0,247.0,2019-03-04,2020-02-25,1,50,8,False,0.6032388663967612,0.49210526315789477,0.6115702479338843,0.9736842105263158,0.751269035532995,0.6153846153846154,0.979757085020243,148.0,1.0,94.0,4.0
5,IMOEX,4,1,1499.0,247.0,2021-03-05,2022-02-22,1,50,8,False,0.5506072874493927,0.5,0.5506072874493927,1.0,0.7101827676240209,0.5506072874493927,1.0,136.0,0.0,111.0,0.0
5,IMOEX,4,2,2003.0,185.0,2023-03-29,2023-12-15,1,50,8,False,0.6648648648648648,0.5,0.6648648648648648,1.0,0.7987012987012987,0.6648648648648648,1.0,123.0,0.0,62.0,0.0
5,IMOEX,4,mean,,,,,1,50,8,False,0.6062370062370062,0.4973684210526316,,,,,,,,,
5,IMOEX,5,0,995.0,247.0,2019-03-04,2020-02-25,1,50,16,False,0.4939271255060729,0.549342105263158,0.7014925373134329,0.3092105263157895,0.42922374429223753,0.6153846153846154,0.27125506072874495,47.0,75.0,20.0,105.0
5,IMOEX,5,1,1499.0,247.0,2021-03-05,2022-02-22,1,50,16,False,0.5506072874493927,0.5,0.5506072874493927,1.0,0.7101827676240209,0.5506072874493927,1.0,136.0,0.0,111.0,0.0
5,IMOEX,5,2,2003.0,185.0,2023-03-29,2023-12-15,1,50,16,False,0.6648648648648648,0.5,0.6648648648648648,1.0,0.7987012987012987,0.6648648648648648,1.0,123.0,0.0,62.0,0.0
5,IMOEX,5,mean,,,,,1,50,16,False,0.5697997592734434,0.5164473684210527,,,,,,,,,
5,IMOEX,6,0,995.0,247.0,2019-03-04,2020-02-25,1,100,8,False,0.6032388663967612,0.49210526315789477,0.6115702479338843,0.9736842105263158,0.751269035532995,0.6153846153846154,0.979757085020243,148.0,1.0,94.0,4.0
5,IMOEX,6,1,1499.0,247.0,2021-03-05,2022-02-22,1,100,8,False,0.5506072874493927,0.5,0.5506072874493927,1.0,0.7101827676240209,0.5506072874493927,1.0,136.0,0.0,111.0,0.0
5,IMOEX,6,2,2003.0,185.0,2023-03-29,2023-12-15,1,100,8,False,0.6648648648648648,0.5,0.6648648648648648,1.0,0.7987012987012987,0.6648648648648648,1.0,123.0,0.0,62.0,0.0
5,IMOEX,6,mean,,,,,1,100,8,False,0.6062370062370062,0.4973684210526316,,,,,,,,,
5,IMOEX,7,0,995.0,247.0,2019-03-04,2020-02-25,1,100,16,False,0.4939271255060729,0.549342105263158,0.7014925373134329,0.3092105263157895,0.42922374429223753,0.6153846153846154,0.27125506072874495,47.0,75.0,20.0,105.0
5,IMOEX,7,1,1499.0,247.0,2021-03-05,2022-02-22,1,100,16,False,0.5506072874493927,0.5,0.5506072874493927,1.0,0.7101827676240209,0.5506072874493927,1.0,136.0,0.0,111.0,0.0
5,IMOEX,7,2,2003.0,185.0,2023-03-29,2023-12-15,1,100,16,False,0.6648648648648648,0.5,0.6648648648648648,1.0,0.7987012987012987,0.6648648648648648,1.0,123.0,0.0,62.0,0.0
5,IMOEX,7,mean,,,,,1,100,16,False,0.5697997592734434,0.5164473684210527,,,,,,,,,
5,IMOEX,8,0,995.0,247.0,2019-03-04,2020-02-25,2,10,8,False,0.5991902834008097,0.4868421052631579,0.6090534979423868,0.9736842105263158,0.7493670886075949,0.6153846153846154,0.9838056680161943,148.0,0.0,95.0,4.0
5,IMOEX,8,1,1499.0,247.0,2021-03-05,2022-02-22,2,10,8,False,0.562753036437247,0.530902225755167,0.5693069306930693,0.8455882352941176,0.6804733727810651,0.5506072874493927,0.8178137651821862,115.0,24.0,87.0,21.0
5,IMOEX,8,2,2003.0,185.0,2023-03-29,2023-12-15,2,10,8,False,0.4972972972972973,0.39398111723052714,0.6041666666666666,0.7073170731707317,0.6516853932584269,0.6648648648648648,0.7783783783783784,87.0,5.0,57.0,36.0
5,IMOEX,8,mean,,,,,2,10,8,False,0.5530802057117846,0.47057514941628403,,,,,,,,,
5,IMOEX,9,0,995.0,247.0,2019-03-04,2020-02-25,2,10,16,False,0.5546558704453441,0.4763157894736842,0.6019417475728155,0.8157894736842105,0.6927374301675977,0.6153846153846154,0.8340080971659919,124.0,13.0,82.0,28.0
5,IMOEX,9,1,1499.0,247.0,2021-03-05,2022-02-22,2,10,16,False,0.6072874493927125,0.5721714361420244,0.5924170616113744,0.9191176470588235,0.7204610951008646,0.5506072874493927,0.854251012145749,125.0,25.0,86.0,11.0
5,IMOEX,9,2,2003.0,185.0,2023-03-29,2023-12-15,2,10,16,False,0.42702702702702705,0.3771308680828744,0.5752212389380531,0.5284552845528455,0.5508474576271186,0.6648648648648648,0.6108108108108108,65.0,14.0,48.0,58.0
5,IMOEX,9,mean,,,,,2,10,16,False,0.5296567822883612,0.475206031232861,,,,,,,,,
5,IMOEX,10,0,995.0,247.0,2019-03-04,2020-02-25,2,20,8,False,0.5991902834008097,0.4868421052631579,0.6090534979423868,0.9736842105263158,0.7493670886075949,0.6153846153846154,0.9838056680161943,148.0,0.0,95.0,4.0
5,IMOEX,10,1,1499.0,247.0,2021-03-05,2022-02-22,2,20,8,False,0.562753036437247,0.530902225755167,0.5693069306930693,0.8455882352941176,0.6804733727810651,0.5506072874493927,0.8178137651821862,115.0,24.0,87.0,21.0
5,IMOEX,10,2,2003.0,185.0,2023-03-29,2023-12-15,2,20,8,False,0.4972972972972973,0.39398111723052714,0.6041666666666666,0.7073170731707317,0.6516853932584269,0.6648648648648648,0.7783783783783784,87.0,5.0,57.0,36.0
5,IMOEX,10,mean,,,,,2,20,8,False,0.5530802057117846,0.47057514941628403,,,,,,,,,
5,IMOEX,11,0,995.0,247.0,2019-03-04,2020-02-25,2,20,16,False,0.5546558704453441,0.4763157894736842,0.6019417475728155,0.8157894736842105,0.6927374301675977,0.6153846153846154,0.8340080971659919,124.0,13.0,82.0,28.0
5,IMOEX,11,1,1499.0,247.0,2021-03-05,2022-02-22,2,20,16,False,0.6072874493927125,0.5721714361420244,0.5924170616113744,0.9191176470588235,0.7204610951008646,0.5506072874493927,0.854251012145749,125.0,25.0,86.0,11.0
5,IMOEX,11,2,2003.0,185.0,2023-03-29,2023-12-15,2,20,16,False,0.42702702702702705,0.3771308680828744,0.5752212389380531,0.5284552845528455,0.5508474576271186,0.6648648648648648,0.6108108108108108,65.0,14.0,48.0,58.0
5,IMOEX,11,mean,,,,,2,20,16,False,0.5296567822883612,0.475206031232861,,,,,,,,,
5,IMOEX,12,0,995.0,247.0,2019-03-04,2020-02-25,2,50,8,False,0.5991902834008097,0.4868421052631579,0.6090534979423868,0.9736842105263158,0.7493670886075949,0.6153846153846154,0.9838056680161943,148.0,0.0,95.0,4.0
5,IMOEX,12,1,1499.0,247.0,2021-03-05,2022-02-22,2,50,8,False,0.562753036437247,0.530902225755167,0.5693069306930693,0.8455882352941176,0.6804733727810651,0.5506072874493927,0.8178137651821862,115.0,24.0,87.0,21.0
5,IMOEX,12,2,2003.0,185.0,2023-03-29,2023-12-15,2,50,8,False,0.4972972972972973,0.39398111723052714,0.6041666666666666,0.7073170731707317,0.6516853932584269,0.6648648648648648,0.7783783783783784,87.0,5.0,57.0,36.0
5,IMOEX,12,mean,,,,,2,50,8,False,0.5530802057117846,0.47057514941628403,,,,,,,,,
5,IMOEX,13,0,995.0,247.0,2019-03-04,2020-02-25,2,50,16,False,0.5546558704453441,0.4763157894736842,0.6019417475728155,0.8157894736842105,0.6927374301675977,0.6153846153846154,0.8340080971659919,124.0,13.0,82.0,28.0
5,IMOEX,13,1,1499.0,247.0,2021-03-05,2022-02-22,2,50,16,False,0.6072874493927125,0.5721714361420244,0.5924170616113744,0.9191176470588235,0.7204610951008646,0.5506072874493927,0.854251012145749,125.0,25.0,86.0,11.0
5,IMOEX,13,2,2003.0,185.0,2023-03-29,2023-12-15,2,50,16,False,0.42702702702702705,0.3771308680828744,0.5752212389380531,0.5284552845528455,0.5508474576271186,0.6648648648648648,0.6108108108108108,65.0,14.0,48.0,58.0
5,IMOEX,13,mean,,,,,2,50,16,False,0.5296567822883612,0.475206031232861,,,,,,,,,
5,IMOEX,14,0,995.0,247.0,2019-03-04,2020-02-25,2,100,8,False,0.5991902834008097,0.4868421052631579,0.6090534979423868,0.9736842105263158,0.7493670886075949,0.6153846153846154,0.9838056680161943,148.0,0.0,95.0,4.0
5,IMOEX,14,1,1499.0,247.0,2021-03-05,2022-02-22,2,100,8,False,0.562753036437247,0.530902225755167,0.5693069306930693,0.8455882352941176,0.6804733727810651,0.5506072874493927,0.8178137651821862,115.0,24.0,87.0,21.0
5,IMOEX,14,2,2003.0,185.0,2023-03-29,2023-12-15,2,100,8,False,0.4972972972972973,0.39398111723052714,0.6041666666666666,0.7073170731707317,0.6516853932584269,0.6648648648648648,0.7783783783783784,87.0,5.0,57.0,36.0
5,IMOEX,14,mean,,,,,2,100,8,False,0.5530802057117846,0.47057514941628403,,,,,,,,,
5,IMOEX,15,0,995.0,247.0,2019-03-04,2020-02-25,2,100,16,False,0.5546558704453441,0.4763157894736842,0.6019417475728155,0.8157894736842105,0.6927374301675977,0.6153846153846154,0.8340080971659919,124.0,13.0,82.0,28.0
5,IMOEX,15,1,1499.0,247.0,2021-03-05,2022-02-22,2,100,16,False,0.6072874493927125,0.5721714361420244,0.5924170616113744,0.9191176470588235,0.7204610951008646,0.5506072874493927,0.854251012145749,125.0,25.0,86.0,11.0
5,IMOEX,15,2,2003.0,185.0,2023-03-29,2023-12-15,2,100,16,False,0.42702702702702705,0.3771308680828744,0.5752212389380531,0.5284552845528455,0.5508474576271186,0.6648648648648648,0.6108108108108108,65.0,14.0,48.0,58.0
5,IMOEX,15,mean,,,,,2,100,16,False,0.5296567822883612,0.475206031232861,,,,,,,,,
5,IMOEX,16,0,995.0,247.0,2019-03-04,2020-02-25,3,10,8,False,0.5263157894736842,0.45921052631578946,0.5906735751295337,0.75,0.6608695652173914,0.6153846153846154,0.7813765182186235,114.0,16.0,79.0,38.0
5,IMOEX,16,1,1499.0,247.0,2021-03-05,2022-02-22,3,10,8,False,0.562753036437247,0.5333863275039745,0.5714285714285714,0.8235294117647058,0.6746987951807228,0.5506072874493927,0.7935222672064778,112.0,27.0,84.0,24.0
5,IMOEX,16,2,2003.0,185.0,2023-03-29,2023-12-15,3,10,8,False,0.5513513513513514,0.43063204825596646,0.6282051282051282,0.7967479674796748,0.7025089605734767,0.6648648648648648,0.8432432432432433,98.0,4.0,58.0,25.0
5,IMOEX,16,mean,,,,,3,10,8,False,0.5468067257540942,0.4744096340252435,,,,,,,,,
5,IMOEX,17,0,995.0,247.0,2019-03-04,2020-02-25,3,10,16,False,0.5546558704453441,0.4763157894736842,0.6019417475728155,0.8157894736842105,0.6927374301675977,0.6153846153846154,0.8340080971659919,124.0,13.0,82.0,28.0
5,IMOEX,17,1,1499.0,247.0,2021-03-05,2022-02-22,3,10,16,False,0.5668016194331984,0.537890832008479,0.5743589743589743,0.8235294117647058,0.6767371601208458,0.5506072874493927,0.7894736842105263,112.0,28.0,83.0,24.0
5,IMOEX,17,2,2003.0,185.0,2023-03-29,2023-12-15,3,10,16,False,0.4864864864864865,0.40184893784421716,0.6044776119402985,0.6585365853658537,0.6303501945525292,0.6648648648648648,0.7243243243243244,81.0,9.0,53.0,42.0
5,IMOEX,17,mean,,,,,3,10,16,False,0.5359813254550096,0.4720185197754601,,,,,,,,,
5,IMOEX,18,0,995.0,247.0,2019-03-04,2020-02-25,3,20,8,False,0.5263157894736842,0.45921052631578946,0.5906735751295337,0.75,0.6608695652173914,0.6153846153846154,0.7813765182186235,114.0,16.0,79.0,38.0
5,IMOEX,18,1,1499.0,247.0,2021-03-05,2022-02-22,3,20,8,False,0.562753036437247,0.5333863275039745,0.5714285714285714,0.8235294117647058,0.6746987951807228,0.5506072874493927,0.7935222672064778,112.0,27.0,84.0,24.0
5,IMOEX,18,2,2003.0,185.0,2023-03-29,2023-12-15,3,20,8,False,0.5513513513513514,0.43063204825596646,0.6282051282051282,0.7967479674796748,0.7025089605734767,0.6648648648648648,0.8432432432432433,98.0,4.0,58.0,25.0
5,IMOEX,18,mean,,,,,3,20,8,False,0.5468067257540942,0.4744096340252435,,,,,,,,,
5,IMOEX,19,0,995.0,247.0,2019-03-04,2020-02-25,3,20,16,False,0.5546558704453441,0.4763157894736842,0.6019417475728155,0.8157894736842105,0.6927374301675977,0.6153846153846154,0.8340080971659919,124.0,13.0,82.0,28.0
5,IMOEX,19,1,1499.0,247.0,2021-03-05,2022-02-22,3,20,16,False,0.5668016194331984,0.537890832008479,0.5743589743589743,0.8235294117647058,0.6767371601208458,0.5506072874493927,0.7894736842105263,112.0,28.0,83.0,24.0
5,IMOEX,19,2,2003.0,185.0,2023-03-29,2023-12-15,3,20,16,False,0.4864864864864865,0.40184893784421716,0.6044776119402985,0.6585365853658537,0.6303501945525292,0.6648648648648648,0.7243243243243244,81.0,9.0,53.0,42.0
5,IMOEX,19,mean,,,,,3,20,16,False,0.5359813254550096,0.4720185197754601,,,,,,,,,
5,IMOEX,20,0,995.0,247.0,2019-03-04,2020-02-25,3,50,8,False,0.5263157894736842,0.45921052631578946,0.5906735751295337,0.75,0.6608695652173914,0.6153846153846154,0.7813765182186235,114.0,16.0,79.0,38.0
5,IMOEX,20,1,1499.0,247.0,2021-03-05,2022-02-22,3,50,8,False,0.562753036437247,0.5333863275039745,0.5714285714285714,0.8235294117647058,0.6746987951807228,0.5506072874493927,0.7935222672064778,112.0,27.0,84.0,24.0
5,IMOEX,20,2,2003.0,185.0,2023-03-29,2023-12-15,3,50,8,False,0.5513513513513514,0.43063204825596646,0.6282051282051282,0.7967479674796748,0.7025089605734767,0.6648648648648648,0.8432432432432433,98.0,4.0,58.0,25.0
5,IMOEX,20,mean,,,,,3,50,8,False,0.5468067257540942,0.4744096340252435,,,,,,,,,
5,IMOEX,21,0,995.0,247.0,2019-03-04,2020-02-25,3,50,16,False,0.5546558704453441,0.4763157894736842,0.6019417475728155,0.8157894736842105,0.6927374301675977,0.6153846153846154,0.8340080971659919,124.0,13.0,82.0,28.0
5,IMOEX,21,1,1499.0,247.0,2021-03-05,2022-02-22,3,50,16,False,0.5668016194331984,0.537890832008479,0.5743589743589743,0.8235294117647058,0.6767371601208458,0.5506072874493927,0.7894736842105263,112.0,28.0,83.0,24.0
5,IMOEX,21,2,2003.0,185.0,2023-03-29,2023-12-15,3,50,16,False,0.4864864864864865,0.40184893784421716,0.6044776119402985,0.6585365853658537,0.6303501945525292,0.6648648648648648,0.7243243243243244,81.0,9.0,53.0,42.0
5,IMOEX,21,mean,,,,,3,50,16,False,0.5359813254550096,0.4720185197754601,,,,,,,,,
5,IMOEX,22,0,995.0,247.0,2019-03-04,2020-02-25,3,100,8,False,0.5263157894736842,0.45921052631578946,0.5906735751295337,0.75,0.6608695652173914,0.6153846153846154,0.7813765182186235,114.0,16.0,79.0,38.0
5,IMOEX,22,1,1499.0,247.0,2021-03-05,2022-02-22,3,100,8,False,0.562753036437247,0.5333863275039745,0.5714285714285714,0.8235294117647058,0.6746987951807228,0.5506072874493927,0.7935222672064778,112.0,27.0,84.0,24.0
5,IMOEX,22,2,2003.0,185.0,2023-03-29,2023-12-15,3,100,8,False,0.5513513513513514,0.43063204825596646,0.6282051282051282,0.7967479674796748,0.7025089605734767,0.6648648648648648,0.8432432432432433,98.0,4.0,58.0,25.0
5,IMOEX,22,mean,,,,,3,100,8,False,0.5468067257540942,0.4744096340252435,,,,,,,,,
5,IMOEX,23,0,995.0,247.0,2019-03-04,2020-02-25,3,100,16,False,0.5546558704453441,0.4763157894736842,0.6019417475728155,0.8157894736842105,0.6927374301675977,0.6153846153846154,0.8340080971659919,124.0,13.0,82.0,28.0
5,IMOEX,23,1,1499.0,247.0,2021-03-05,2022-02-22,3,100,16,False,0.5668016194331984,0.537890832008479,0.5743589743589743,0.8235294117647058,0.6767371601208458,0.5506072874493927,0.7894736842105263,112.0,28.0,83.0,24.0
5,IMOEX,23,2,2003.0,185.0,2023-03-29,2023-12-15,3,100,16,False,0.4864864864864865,0.40184893784421716,0.6044776119402985,0.6585365853658537,0.6303501945525292,0.6648648648648648,0.7243243243243244,81.0,9.0,53.0,42.0
5,IMOEX,23,mean,,,,,3,100,16,False,0.5359813254550096,0.4720185197754601,,,,,,,,,
5,IMOEX,24,0,995.0,247.0,2019-03-04,2020-02-25,4,10,8,False,0.6275303643724697,0.5848684210526316,0.6724137931034483,0.7697368421052632,0.7177914110429447,0.6153846153846154,0.7044534412955465,117.0,38.0,57.0,35.0
5,IMOEX,24,1,1499.0,247.0,2021-03-05,2022-02-22,4,10,8,False,0.5384615384615384,0.5138116057233704,0.5597826086956522,0.7573529411764706,0.6437499999999999,0.5506072874493927,0.7449392712550608,103.0,30.0,81.0,33.0
5,IMOEX,24,2,2003.0,185.0,2023-03-29,2023-12-15,4,10,8,False,0.43243243243243246,0.36519800681877784,0.5737704918032787,0.5691056910569106,0.5714285714285714,0.6648648648648648,0.6594594594594595,70.0,10.0,52.0,53.0
5,IMOEX,24,mean,,,,,4,10,8,False,0.5328081117554802,0.4879593445315933,,,,,,,,,
5,IMOEX,25,0,995.0,247.0,2019-03-04,2020-02-25,4,10,16,False,0.5546558704453441,0.4763157894736842,0.6019417475728155,0.8157894736842105,0.6927374301675977,0.6153846153846154,0.8340080971659919,124.0,13.0,82.0,28.0
5,IMOEX,25,1,1499.0,247.0,2021-03-05,2022-02-22,4,10,16,False,0.5748987854251012,0.5510400105988341,0.5846994535519126,0.7867647058823529,0.6708463949843261,0.5506072874493927,0.7408906882591093,107.0,35.0,76.0,29.0
5,IMOEX,25,2,2003.0,185.0,2023-03-29,2023-12-15,4,10,16,False,0.4594594594594595,0.3935221610280619,0.5934959349593496,0.5934959349593496,0.5934959349593496,0.6648648648648648,0.6648648648648648,73.0,12.0,50.0,50.0
5,IMOEX,25,mean,,,,,4,10,16,False,0.5296713717766349,0.4736259870335267,,,,,,,,,
5,IMOEX,26,0,995.0,247.0,2019-03-04,2020-02-25,4,20,8,False,0.6275303643724697,0.5848684210526316,0.6724137931034483,0.7697368421052632,0.7177914110429447,0.6153846153846154,0.7044534412955465,117.0,38.0,57.0,35.0
5,IMOEX,26,1,1499.0,247.0,2021-03-05,2022-02-22,4,20,8,False,0.5384615384615384,0.5138116057233704,0.5597826086956522,0.7573529411764706,0.6437499999999999,0.5506072874493927,0.7449392712550608,103.0,30.0,81.0,33.0
5,IMOEX,26,2,2003.0,185.0,2023-03-29,2023-12-15,4,20,8,False,0.43243243243243246,0.36519800681877784,0.5737704918032787,0.5691056910569106,0.5714285714285714,0.6648648648648648,0.6594594594594595,70.0,10.0,52.0,53.0
5,IMOEX,26,mean,,,,,4,20,8,False,0.5328081117554802,0.4879593445315933,,,,,,,,,
5,IMOEX,27,0,995.0,247.0,2019-03-04,2020-02-25,4,20,16,False,0.5546558704453441,0.4763157894736842,0.6019417475728155,0.8157894736842105,0.6927374301675977,0.6153846153846154,0.8340080971659919,124.0,13.0,82.0,28.0
5,IMOEX,27,1,1499.0,247.0,2021-03-05,2022-02-22,4,20,16,False,0.5748987854251012,0.5510400105988341,0.5846994535519126,0.7867647058823529,0.6708463949843261,0.5506072874493927,0.7408906882591093,107.0,35.0,76.0,29.0
5,IMOEX,27,2,2003.0,185.0,2023-03-29,2023-12-15,4,20,16,False,0.4594594594594595,0.3935221610280619,0.5934959349593496,0.5934959349593496,0.5934959349593496,0.6648648648648648,0.6648648648648648,73.0,12.0,50.0,50.0
5,IMOEX,27,mean,,,,,4,20,16,False,0.5296713717766349,0.4736259870335267,,,,,,,,,
5,IMOEX,28,0,995.0,247.0,2019-03-04,2020-02-25,4,50,8,False,0.611336032388664,0.5796052631578947,0.6728395061728395,0.7171052631578947,0.694267515923567,0.6153846153846154,0.6558704453441295,109.0,42.0,53.0,43.0
5,IMOEX,28,1,1499.0,247.0,2021-03-05,2022-02-22,4,50,8,False,0.5384615384615384,0.5138116057233704,0.5597826086956522,0.7573529411764706,0.6437499999999999,0.5506072874493927,0.7449392712550608,103.0,30.0,81.0,33.0
5,IMOEX,28,2,2003.0,185.0,2023-03-29,2023-12-15,4,50,8,False,0.43243243243243246,0.36519800681877784,0.5737704918032787,0.5691056910569106,0.5714285714285714,0.6648648648648648,0.6594594594594595,70.0,10.0,52.0,53.0
5,IMOEX,28,mean,,,,,4,50,8,False,0.5274100010942117,0.486204958566681,,,,,,,,,
5,IMOEX,29,0,995.0,247.0,2019-03-04,2020-02-25,4,50,16,False,0.5546558704453441,0.4763157894736842,0.6019417475728155,0.8157894736842105,0.6927374301675977,0.6153846153846154,0.8340080971659919,124.0,13.0,82.0,28.0
5,IMOEX,29,1,1499.0,247.0,2021-03-05,2022-02-22,4,50,16,False,0.5748987854251012,0.5510400105988341,0.5846994535519126,0.7867647058823529,0.6708463949843261,0.5506072874493927,0.7408906882591093,107.0,35.0,76.0,29.0
5,IMOEX,29,2,2003.0,185.0,2023-03-29,2023-12-15,4,50,16,False,0.4594594594594595,0.3935221610280619,0.5934959349593496,0.5934959349593496,0.5934959349593496,0.6648648648648648,0.6648648648648648,73.0,12.0,50.0,50.0
5,IMOEX,29,mean,,,,,4,50,16,False,0.5296713717766349,0.4736259870335267,,,,,,,,,
5,IMOEX,30,0,995.0,247.0,2019-03-04,2020-02-25,4,100,8,False,0.5263157894736842,0.45921052631578946,0.5906735751295337,0.75,0.6608695652173914,0.6153846153846154,0.7813765182186235,114.0,16.0,79.0,38.0
5,IMOEX,30,1,1499.0,247.0,2021-03-05,2022-02-22,4,100,8,False,0.562753036437247,0.5333863275039745,0.5714285714285714,0.8235294117647058,0.6746987951807228,0.5506072874493927,0.7935222672064778,112.0,27.0,84.0,24.0
5,IMOEX,30,2,2003.0,185.0,2023-03-29,2023-12-15,4,100,8,False,0.5243243243243243,0.41830579596118544,0.6190476190476191,0.7398373983739838,0.6740740740740742,0.6648648648648648,0.7945945945945946,91.0,6.0,56.0,32.0
5,IMOEX,30,mean,,,,,4,100,8,False,0.5377977167450851,0.47030088326031655,,,,,,,,,
5,IMOEX,31,0,995.0,247.0,2019-03-04,2020-02-25,4,100,16,False,0.5546558704453441,0.4763157894736842,0.6019417475728155,0.8157894736842105,0.6927374301675977,0.6153846153846154,0.8340080971659919,124.0,13.0,82.0,28.0
5,IMOEX,31,1,1499.0,247.0,2021-03-05,2022-02-22,4,100,16,False,0.5870445344129555,0.5562731849496556,0.585,0.8602941176470589,0.6964285714285714,0.5506072874493927,0.8097165991902834,117.0,28.0,83.0,19.0
5,IMOEX,31,2,2003.0,185.0,2023-03-29,2023-12-15,4,100,16,False,0.4594594594594595,0.3935221610280619,0.5934959349593496,0.5934959349593496,0.5934959349593496,0.6648648648648648,0.6648648648648648,73.0,12.0,50.0,50.0
5,IMOEX,31,mean,,,,,4,100,16,False,0.5337199547725863,0.4753703784838006,,,,,,,,,
5,IMOEX,32,0,995.0,247.0,2019-03-04,2020-02-25,5,10,8,False,0.562753036437247,0.5105263157894737,0.6222222222222222,0.7368421052631579,0.6746987951807228,0.6153846153846154,0.728744939271255,112.0,27.0,68.0,40.0
5,IMOEX,32,1,1499.0,247.0,2021-03-05,2022-02-22,5,10,8,False,0.5668016194331984,0.5420310015898251,0.5783783783783784,0.7867647058823529,0.6666666666666666,0.5506072874493927,0.7489878542510121,107.0,33.0,78.0,29.0
5,IMOEX,32,2,2003.0,185.0,2023-03-29,2023-12-15,5,10,8,False,0.518918918918919,0.48623131392604246,0.6545454545454545,0.5853658536585366,0.6180257510729614,0.6648648648648648,0.5945945945945946,72.0,24.0,38.0,51.0
5,IMOEX,32,mean,,,,,5,10,8,False,0.5494911915964548,0.512929543768447,,,,,,,,,
5,IMOEX,33,0,995.0,247.0,2019-03-04,2020-02-25,5,10,16,False,0.582995951417004,0.49934210526315786,0.6150234741784038,0.8618421052631579,0.7178082191780822,0.6153846153846154,0.8623481781376519,131.0,13.0,82.0,21.0
5,IMOEX,33,1,1499.0,247.0,2021-03-05,2022-02-22,5,10,16,False,0.5748987854251012,0.5502119766825648,0.5837837837837838,0.7941176470588235,0.6728971962616822,0.5506072874493927,0.7489878542510121,108.0,34.0,77.0,28.0
5,IMOEX,33,2,2003.0,185.0,2023-03-29,2023-12-15,5,10,16,False,0.4594594594594595,0.41351953842119066,0.6017699115044248,0.5528455284552846,0.576271186440678,0.6648648648648648,0.6108108108108108,68.0,17.0,45.0,55.0
5,IMOEX,33,mean,,,,,5,10,16,False,0.5391180654338549,0.48769120678897115,,,,,,,,,
5,IMOEX,34,0,995.0,247.0,2019-03-04,2020-02-25,5,20,8,False,0.5789473684210527,0.5355263157894737,0.6395348837209303,0.7236842105263158,0.6790123456790124,0.6153846153846154,0.6963562753036437,110.0,33.0,62.0,42.0
5,IMOEX,34,1,1499.0,247.0,2021-03-05,2022-02-22,5,20,8,False,0.5668016194331984,0.5420310015898251,0.5783783783783784,0.7867647058823529,0.6666666666666666,0.5506072874493927,0.7489878542510121,107.0,33.0,78.0,29.0
5,IMOEX,34,2,2003.0,185.0,2023-03-29,2023-12-15,5,20,8,False,0.518918918918919,0.48623131392604246,0.6545454545454545,0.5853658536585366,0.6180257510729614,0.6648648648648648,0.5945945945945946,72.0,24.0,38.0,51.0
5,IMOEX,34,mean,,,,,5,20,8,False,0.5548893022577234,0.5212628771017805,,,,,,,,,
5,IMOEX,35,0,995.0,247.0,2019-03-04,2020-02-25,5,20,16,False,0.5748987854251012,0.4986842105263158,0.6146341463414634,0.8289473684210527,0.7058823529411765,0.6153846153846154,0.8299595141700404,126.0,16.0,79.0,26.0
5,IMOEX,35,1,1499.0,247.0,2021-03-05,2022-02-22,5,20,16,False,0.5748987854251012,0.5502119766825648,0.5837837837837838,0.7941176470588235,0.6728971962616822,0.5506072874493927,0.7489878542510121,108.0,34.0,77.0,28.0
5,IMOEX,35,2,2003.0,185.0,2023-03-29,2023-12-15,5,20,16,False,0.4594594594594595,0.41351953842119066,0.6017699115044248,0.5528455284552846,0.576271186440678,0.6648648648648648,0.6108108108108108,68.0,17.0,45.0,55.0
5,IMOEX,35,mean,,,,,5,20,16,False,0.5364190101032206,0.48747190854335715,,,,,,,,,
5,IMOEX,36,0,995.0,247.0,2019-03-04,2020-02-25,5,50,8,False,0.611336032388664,0.5796052631578947,0.6728395061728395,0.7171052631578947,0.694267515923567,0.6153846153846154,0.6558704453441295,109.0,42.0,53.0,43.0
5,IMOEX,36,1,1499.0,247.0,2021-03-05,2022-02-22,5,50,8,False,0.5546558704453441,0.5318296237413884,0.5722222222222222,0.7573529411764706,0.6518987341772151,0.5506072874493927,0.728744939271255,103.0,34.0,77.0,33.0
5,IMOEX,36,2,2003.0,185.0,2023-03-29,2023-12-15,5,50,8,False,0.5081081081081081,0.47010228166797796,0.6428571428571429,0.5853658536585366,0.6127659574468085,0.6648648648648648,0.6054054054054054,72.0,22.0,40.0,51.0
5,IMOEX,36,mean,,,,,5,50,8,False,0.5580333369807055,0.527179056189087,,,,,,,,,
5,IMOEX,37,0,995.0,247.0,2019-03-04,2020-02-25,5,50,16,False,0.5546558704453441,0.4763157894736842,0.6019417475728155,0.8157894736842105,0.6927374301675977,0.6153846153846154,0.8340080971659919,124.0,13.0,82.0,28.0
5,IMOEX,37,1,1499.0,247.0,2021-03-05,2022-02-22,5,50,16,False,0.5748987854251012,0.5485559088500265,0.582010582010582,0.8088235294117647,0.6769230769230768,0.5506072874493927,0.7651821862348178,110.0,32.0,79.0,26.0
5,IMOEX,37,2,2003.0,185.0,2023-03-29,2023-12-15,5,50,16,False,0.4594594594594595,0.3935221610280619,0.5934959349593496,0.5934959349593496,0.5934959349593496,0.6648648648648648,0.6648648648648648,73.0,12.0,50.0,50.0
5,IMOEX,37,mean,,,,,5,50,16,False,0.5296713717766349,0.47279795311725753,,,,,,,,,
5,IMOEX,38,0,995.0,247.0,2019-03-04,2020-02-25,5,100,8,False,0.5263157894736842,0.45921052631578946,0.5906735751295337,0.75,0.6608695652173914,0.6153846153846154,0.7813765182186235,114.0,16.0,79.0,38.0
5,IMOEX,38,1,1499.0,247.0,2021-03-05,2022-02-22,5,100,8,False,0.562753036437247,0.5333863275039745,0.5714285714285714,0.8235294117647058,0.6746987951807228,0.5506072874493927,0.7935222672064778,112.0,27.0,84.0,24.0
5,IMOEX,38,2,2003.0,185.0,2023-03-29,2023-12-15,5,100,8,False,0.5243243243243243,0.41830579596118544,0.6190476190476191,0.7398373983739838,0.6740740740740742,0.6648648648648648,0.7945945945945946,91.0,6.0,56.0,32.0
5,IMOEX,38,mean,,,,,5,100,8,False,0.5377977167450851,0.47030088326031655,,,,,,,,,
5,IMOEX,39,0,995.0,247.0,2019-03-04,2020-02-25,5,100,16,False,0.5546558704453441,0.4763157894736842,0.6019417475728155,0.8157894736842105,0.6927374301675977,0.6153846153846154,0.8340080971659919,124.0,13.0,82.0,28.0
5,IMOEX,39,1,1499.0,247.0,2021-03-05,2022-02-22,5,100,16,False,0.5870445344129555,0.5562731849496556,0.585,0.8602941176470589,0.6964285714285714,0.5506072874493927,0.8097165991902834,117.0,28.0,83.0,19.0
5,IMOEX,39,2,2003.0,185.0,2023-03-29,2023-12-15,5,100,16,False,0.4594594594594595,0.3935221610280619,0.5934959349593496,0.5934959349593496,0.5934959349593496,0.6648648648648648,0.6648648648648648,73.0,12.0,50.0,50.0
5,IMOEX,39,mean,,,,,5,100,16,False,0.5337199547725863,0.4753703784838006,,,,,,,,,
5,IMOEX,40,0,995.0,247.0,2019-03-04,2020-02-25,6,10,8,False,0.562753036437247,0.5302631578947368,0.6375,0.6710526315789473,0.6538461538461537,0.6153846153846154,0.6477732793522267,102.0,37.0,58.0,50.0
5,IMOEX,40,1,1499.0,247.0,2021-03-05,2022-02-22,6,10,8,False,0.5344129554655871,0.5192435082140965,0.5652173913043478,0.6691176470588235,0.6127946127946128,0.5506072874493927,0.6518218623481782,91.0,41.0,70.0,45.0
5,IMOEX,40,2,2003.0,185.0,2023-03-29,2023-12-15,6,10,8,False,0.4756756756756757,0.44571203776553897,0.6226415094339622,0.5365853658536586,0.5764192139737991,0.6648648648648648,0.572972972972973,66.0,22.0,40.0,57.0
5,IMOEX,40,mean,,,,,6,10,8,False,0.5242805558595033,0.4984062346247908,,,,,,,,,
5,IMOEX,41,0,995.0,247.0,2019-03-04,2020-02-25,6,10,16,False,0.562753036437247,0.5243421052631578,0.6325301204819277,0.6907894736842105,0.660377358490566,0.6153846153846154,0.6720647773279352,105.0,34.0,61.0,47.0
5,IMOEX,41,1,1499.0,247.0,2021-03-05,2022-02-22,6,10,16,False,0.5263157894736842,0.5019541600423953,0.5519125683060109,0.7426470588235294,0.6332288401253918,0.5506072874493927,0.7408906882591093,101.0,29.0,82.0,35.0
5,IMOEX,41,2,2003.0,185.0,2023-03-29,2023-12-15,6,10,16,False,0.5513513513513514,0.4546289011277209,0.6388888888888888,0.7479674796747967,0.6891385767790261,0.6648648648648648,0.7783783783783784,92.0,10.0,52.0,31.0
5,IMOEX,41,mean,,,,,6,10,16,False,0.5468067257540942,0.4936417221444247,,,,,,,,,
5,IMOEX,42,0,995.0,247.0,2019-03-04,2020-02-25,6,20,8,False,0.5344129554655871,0.5190789473684211,0.6312056737588653,0.5855263157894737,0.6075085324232081,0.6153846153846154,0.5708502024291497,89.0,43.0,52.0,63.0
5,IMOEX,42,1,1499.0,247.0,2021-03-05,2022-02-22,6,20,8,False,0.5465587044534413,0.528616852146264,0.5714285714285714,0.7058823529411765,0.6315789473684211,0.5506072874493927,0.680161943319838,96.0,39.0,72.0,40.0
5,IMOEX,42,2,2003.0,185.0,2023-03-29,2023-12-15,6,20,8,False,0.4702702702702703,0.4336480461578809,0.6146788990825688,0.5447154471544715,0.5775862068965518,0.6648648648648648,0.5891891891891892,67.0,20.0,42.0,56.0
5,IMOEX,42,mean,,,,,6,20,8,False,0.5170806433964329,0.49378128189085535,,,,,,,,,
5,IMOEX,43,0,995.0,247.0,2019-03-04,2020-02-25,6,20,16,False,0.562753036437247,0.4888157894736842,0.6089108910891089,0.8092105263157895,0.6949152542372882,0.6153846153846154,0.8178137651821862,123.0,16.0,79.0,29.0
5,IMOEX,43,1,1499.0,247.0,2021-03-05,2022-02-22,6,20,16,False,0.5587044534412956,0.5363341282458929,0.5754189944134078,0.7573529411764706,0.653968253968254,0.5506072874493927,0.7246963562753036,103.0,35.0,76.0,33.0
5,IMOEX,43,2,2003.0,185.0,2023-03-29,2023-12-15,6,20,16,False,0.572972972972973,0.49088644112247576,0.6594202898550725,0.7398373983739838,0.6973180076628351,0.6648648648648648,0.745945945945946,91.0,15.0,47.0,32.0
5,IMOEX,43,mean,,,,,6,20,16,False,0.5648101542838385,0.505345452947351,,,,,,,,,
5,IMOEX,44,0,995.0,247.0,2019-03-04,2020-02-25,6,50,8,False,0.611336032388664,0.5796052631578947,0.6728395061728395,0.7171052631578947,0.694267515923567,0.6153846153846154,0.6558704453441295,109.0,42.0,53.0,43.0
5,IMOEX,44,1,1499.0,247.0,2021-03-05,2022-02-22,6,50,8,False,0.5546558704453441,0.5318296237413884,0.5722222222222222,0.7573529411764706,0.6518987341772151,0.5506072874493927,0.728744939271255,103.0,34.0,77.0,33.0
5,IMOEX,44,2,2003.0,185.0,2023-03-29,2023-12-15,6,50,8,False,0.5081081081081081,0.47010228166797796,0.6428571428571429,0.5853658536585366,0.6127659574468085,0.6648648648648648,0.6054054054054054,72.0,22.0,40.0,51.0
5,IMOEX,44,mean,,,,,6,50,8,False,0.5580333369807055,0.527179056189087,,,,,,,,,
5,IMOEX,45,0,995.0,247.0,2019-03-04,2020-02-25,6,50,16,False,0.5546558704453441,0.4763157894736842,0.6019417475728155,0.8157894736842105,0.6927374301675977,0.6153846153846154,0.8340080971659919,124.0,13.0,82.0,28.0
5,IMOEX,45,1,1499.0,247.0,2021-03-05,2022-02-22,6,50,16,False,0.5748987854251012,0.5485559088500265,0.582010582010582,0.8088235294117647,0.6769230769230768,0.5506072874493927,0.7651821862348178,110.0,32.0,79.0,26.0
5,IMOEX,45,2,2003.0,185.0,2023-03-29,2023-12-15,6,50,16,False,0.4540540540540541,0.3934565958562812,0.5916666666666667,0.5772357723577236,0.5843621399176955,0.6648648648648648,0.6486486486486487,71.0,13.0,49.0,52.0
5,IMOEX,45,mean,,,,,6,50,16,False,0.5278695699748331,0.4727760980599973,,,,,,,,,
5,IMOEX,46,0,995.0,247.0,2019-03-04,2020-02-25,6,100,8,False,0.5263157894736842,0.45921052631578946,0.5906735751295337,0.75,0.6608695652173914,0.6153846153846154,0.7813765182186235,114.0,16.0,79.0,38.0
5,IMOEX,46,1,1499.0,247.0,2021-03-05,2022-02-22,6,100,8,False,0.562753036437247,0.5333863275039745,0.5714285714285714,0.8235294117647058,0.6746987951807228,0.5506072874493927,0.7935222672064778,112.0,27.0,84.0,24.0
5,IMOEX,46,2,2003.0,185.0,2023-03-29,2023-12-15,6,100,8,False,0.5243243243243243,0.41830579596118544,0.6190476190476191,0.7398373983739838,0.6740740740740742,0.6648648648648648,0.7945945945945946,91.0,6.0,56.0,32.0
5,IMOEX,46,mean,,,,,6,100,8,False,0.5377977167450851,0.47030088326031655,,,,,,,,,
5,IMOEX,47,0,995.0,247.0,2019-03-04,2020-02-25,6,100,16,False,0.5546558704453441,0.4763157894736842,0.6019417475728155,0.8157894736842105,0.6927374301675977,0.6153846153846154,0.8340080971659919,124.0,13.0,82.0,28.0
5,IMOEX,47,1,1499.0,247.0,2021-03-05,2022-02-22,6,100,16,False,0.5870445344129555,0.5562731849496556,0.585,0.8602941176470589,0.6964285714285714,0.5506072874493927,0.8097165991902834,117.0,28.0,83.0,19.0
5,IMOEX,47,2,2003.0,185.0,2023-03-29,2023-12-15,6,100,16,False,0.4594594594594595,0.3935221610280619,0.5934959349593496,0.5934959349593496,0.5934959349593496,0.6648648648648648,0.6648648648648648,73.0,12.0,50.0,50.0
5,IMOEX,47,mean,,,,,6,100,16,False,0.5337199547725863,0.4753703784838006,,,,,,,,,
5,IMOEX,48,0,995.0,247.0,2019-03-04,2020-02-25,2,20,16,True,0.6153846153846154,0.5,0.6153846153846154,1.0,0.761904761904762,0.6153846153846154,1.0,152.0,0.0,95.0,0.0
5,IMOEX,48,1,1499.0,247.0,2021-03-05,2022-02-22,2,20,16,True,0.5506072874493927,0.5,0.5506072874493927,1.0,0.7101827676240209,0.5506072874493927,1.0,136.0,0.0,111.0,0.0
5,IMOEX,48,2,2003.0,185.0,2023-03-29,2023-12-15,2,20,16,True,0.6648648648648648,0.5,0.6648648648648648,1.0,0.7987012987012987,0.6648648648648648,1.0,123.0,0.0,62.0,0.0
5,IMOEX,48,mean,,,,,2,20,16,True,0.6102855892329576,0.5,,,,,,,,,
5,IMOEX,49,0,995.0,247.0,2019-03-04,2020-02-25,2,50,16,True,0.6153846153846154,0.5,0.6153846153846154,1.0,0.761904761904762,0.6153846153846154,1.0,152.0,0.0,95.0,0.0
5,IMOEX,49,1,1499.0,247.0,2021-03-05,2022-02-22,2,50,16,True,0.5506072874493927,0.5,0.5506072874493927,1.0,0.7101827676240209,0.5506072874493927,1.0,136.0,0.0,111.0,0.0
5,IMOEX,49,2,2003.0,185.0,2023-03-29,2023-12-15,2,50,16,True,0.6648648648648648,0.5,0.6648648648648648,1.0,0.7987012987012987,0.6648648648648648,1.0,123.0,0.0,62.0,0.0
5,IMOEX,49,mean,,,,,2,50,16,True,0.6102855892329576,0.5,,,,,,,,,
5,IMOEX,50,0,995.0,247.0,2019-03-04,2020-02-25,3,20,16,True,0.6153846153846154,0.5,0.6153846153846154,1.0,0.761904761904762,0.6153846153846154,1.0,152.0,0.0,95.0,0.0
5,IMOEX,50,1,1499.0,247.0,2021-03-05,2022-02-22,3,20,16,True,0.5506072874493927,0.5,0.5506072874493927,1.0,0.7101827676240209,0.5506072874493927,1.0,136.0,0.0,111.0,0.0
5,IMOEX,50,2,2003.0,185.0,2023-03-29,2023-12-15,3,20,16,True,0.6648648648648648,0.5,0.6648648648648648,1.0,0.7987012987012987,0.6648648648648648,1.0,123.0,0.0,62.0,0.0
5,IMOEX,50,mean,,,,,3,20,16,True,0.6102855892329576,0.5,,,,,,,,,
5,IMOEX,51,0,995.0,247.0,2019-03-04,2020-02-25,3,50,16,True,0.6153846153846154,0.5,0.6153846153846154,1.0,0.761904761904762,0.6153846153846154,1.0,152.0,0.0,95.0,0.0
5,IMOEX,51,1,1499.0,247.0,2021-03-05,2022-02-22,3,50,16,True,0.5506072874493927,0.5,0.5506072874493927,1.0,0.7101827676240209,0.5506072874493927,1.0,136.0,0.0,111.0,0.0
5,IMOEX,51,2,2003.0,185.0,2023-03-29,2023-12-15,3,50,16,True,0.6648648648648648,0.5,0.6648648648648648,1.0,0.7987012987012987,0.6648648648648648,1.0,123.0,0.0,62.0,0.0
5,IMOEX,51,mean,,,,,3,50,16,True,0.6102855892329576,0.5,,,,,,,,,
5,RTSI,0,0,995.0,247.0,2019-03-04,2020-02-25,1,10,8,False,0.5991902834008097,0.5,0.5991902834008097,1.0,0.7493670886075949,0.5991902834008097,1.0,148.0,0.0,99.0,0.0
5,RTSI,0,1,1499.0,247.0,2021-03-05,2022-02-21,1,10,8,False,0.5425101214574899,0.5,0.5425101214574899,1.0,0.7034120734908137,0.5425101214574899,1.0,134.0,0.0,113.0,0.0
5,RTSI,0,2,2003.0,186.0,2023-03-28,2023-12-15,1,10,8,False,0.5698924731182796,0.5,0.5698924731182796,1.0,0.7260273972602741,0.5698924731182796,1.0,106.0,0.0,80.0,0.0
5,RTSI,0,mean,,,,,1,10,8,False,0.5705309593255263,0.5,,,,,,,,,
5,RTSI,1,0,995.0,247.0,2019-03-04,2020-02-25,1,10,16,False,0.38866396761133604,0.40793065793065797,0.4842105263157895,0.3108108108108108,0.3786008230452675,0.5991902834008097,0.38461538461538464,46.0,50.0,49.0,102.0
5,RTSI,1,1,1499.0,247.0,2021-03-05,2022-02-21,1,10,16,False,0.5425101214574899,0.5,0.5425101214574899,1.0,0.7034120734908137,0.5425101214574899,1.0,134.0,0.0,113.0,0.0
5,RTSI,1,2,2003.0,186.0,2023-03-28,2023-12-15,1,10,16,False,0.5698924731182796,0.5,0.5698924731182796,1.0,0.7260273972602741,0.5698924731182796,1.0,106.0,0.0,80.0,0.0
5,RTSI,1,mean,,,,,1,10,16,False,0.5003555207290352,0.46931021931021927,,,,,,,,,
5,RTSI,2,0,995.0,247.0,2019-03-04,2020-02-25,1,20,8,False,0.5991902834008097,0.5,0.5991902834008097,1.0,0.7493670886075949,0.5991902834008097,1.0,148.0,0.0,99.0,0.0
5,RTSI,2,1,1499.0,247.0,2021-03-05,2022-02-21,1,20,8,False,0.5425101214574899,0.5,0.5425101214574899,1.0,0.7034120734908137,0.5425101214574899,1.0,134.0,0.0,113.0,0.0
5,RTSI,2,2,2003.0,186.0,2023-03-28,2023-12-15,1,20,8,False,0.5698924731182796,0.5,0.5698924731182796,1.0,0.7260273972602741,0.5698924731182796,1.0,106.0,0.0,80.0,0.0
5,RTSI,2,mean,,,,,1,20,8,False,0.5705309593255263,0.5,,,,,,,,,
5,RTSI,3,0,995.0,247.0,2019-03-04,2020-02-25,1,20,16,False,0.38866396761133604,0.40793065793065797,0.4842105263157895,0.3108108108108108,0.3786008230452675,0.5991902834008097,0.38461538461538464,46.0,50.0,49.0,102.0
5,RTSI,3,1,1499.0,247.0,2021-03-05,2022-02-21,1,20,16,False,0.5425101214574899,0.5,0.5425101214574899,1.0,0.7034120734908137,0.5425101214574899,1.0,134.0,0.0,113.0,0.0
5,RTSI,3,2,2003.0,186.0,2023-03-28,2023-12-15,1,20,16,False,0.5698924731182796,0.5,0.5698924731182796,1.0,0.7260273972602741,0.5698924731182796,1.0,106.0,0.0,80.0,0.0
5,RTSI,3,mean,,,,,1,20,16,False,0.5003555207290352,0.46931021931021927,,,,,,,,,
5,RTSI,4,0,995.0,247.0,2019-03-04,2020-02-25,1,50,8,False,0.5991902834008097,0.5,0.5991902834008097,1.0,0.7493670886075949,0.5991902834008097,1.0,148.0,0.0,99.0,0.0
5,RTSI,4,1,1499.0,247.0,2021-03-05,2022-02-21,1,50,8,False,0.5425101214574899,0.5,0.5425101214574899,1.0,0.7034120734908137,0.5425101214574899,1.0,134.0,0.0,113.0,0.0
5,RTSI,4,2,2003.0,186.0,2023-03-28,2023-12-15,1,50,8,False,0.5698924731182796,0.5,0.5698924731182796,1.0,0.7260273972602741,0.5698924731182796,1.0,106.0,0.0,80.0,0.0
5,RTSI,4,mean,,,,,1,50,8,False,0.5705309593255263,0.5,,,,,,,,,
5,RTSI,5,0,995.0,247.0,2019-03-04,2020-02-25,1,50,16,False,0.38866396761133604,0.40793065793065797,0.4842105263157895,0.3108108108108108,0.3786008230452675,0.5991902834008097,0.38461538461538464,46.0,50.0,49.0,102.0
5,RTSI,5,1,1499.0,247.0,2021-03-05,2022-02-21,1,50,16,False,0.5425101214574899,0.5,0.5425101214574899,1.0,0.7034120734908137,0.5425101214574899,1.0,134.0,0.0,113.0,0.0
5,RTSI,5,2,2003.0,186.0,2023-03-28,2023-12-15,1,50,16,False,0.5698924731182796,0.5,0.5698924731182796,1.0,0.7260273972602741,0.5698924731182796,1.0,106.0,0.0,80.0,0.0
5,RTSI,5,mean,,,,,1,50,16,False,0.5003555207290352,0.46931021931021927,,,,,,,,,
5,RTSI,6,0,995.0,247.0,2019-03-04,2020-02-25,1,100,8,False,0.5991902834008097,0.5,0.5991902834008097,1.0,0.7493670886075949,0.5991902834008097,1.0,148.0,0.0,99.0,0.0
5,RTSI,6,1,1499.0,247.0,2021-03-05,2022-02-21,1,100,8,False,0.5425101214574899,0.5,0.5425101214574899,1.0,0.7034120734908137,0.5425101214574899,1.0,134.0,0.0,113.0,0.0
5,RTSI,6,2,2003.0,186.0,2023-03-28,2023-12-15,1,100,8,False,0.5698924731182796,0.5,0.5698924731182796,1.0,0.7260273972602741,0.5698924731182796,1.0,106.0,0.0,80.0,0.0
5,RTSI,6,mean,,,,,1,100,8,False,0.5705309593255263,0.5,,,,,,,,,
5,RTSI,7,0,995.0,247.0,2019-03-04,2020-02-25,1,100,16,False,0.38866396761133604,0.40793065793065797,0.4842105263157895,0.3108108108108108,0.3786008230452675,0.5991902834008097,0.38461538461538464,46.0,50.0,49.0,102.0
5,RTSI,7,1,1499.0,247.0,2021-03-05,2022-02-21,1,100,16,False,0.5425101214574899,0.5,0.5425101214574899,1.0,0.7034120734908137,0.5425101214574899,1.0,134.0,0.0,113.0,0.0
5,RTSI,7,2,2003.0,186.0,2023-03-28,2023-12-15,1,100,16,False,0.5698924731182796,0.5,0.5698924731182796,1.0,0.7260273972602741,0.5698924731182796,1.0,106.0,0.0,80.0,0.0
5,RTSI,7,mean,,,,,1,100,16,False,0.5003555207290352,0.46931021931021927,,,,,,,,,
5,RTSI,8,0,995.0,247.0,2019-03-04,2020-02-25,2,10,8,False,0.3765182186234818,0.38943488943488946,0.47058823529411764,0.32432432432432434,0.38400000000000006,0.5991902834008097,0.41295546558704455,48.0,45.0,54.0,100.0
5,RTSI,8,1,1499.0,247.0,2021-03-05,2022-02-21,2,10,8,False,0.5425101214574899,0.5,0.5425101214574899,1.0,0.7034120734908137,0.5425101214574899,1.0,134.0,0.0,113.0,0.0
5,RTSI,8,2,2003.0,186.0,2023-03-28,2023-12-15,2,10,8,False,0.5698924731182796,0.5,0.5698924731182796,1.0,0.7260273972602741,0.5698924731182796,1.0,106.0,0.0,80.0,0.0
5,RTSI,8,mean,,,,,2,10,8,False,0.49630693773308376,0.4631449631449631,,,,,,,,,
5,RTSI,9,0,995.0,247.0,2019-03-04,2020-02-25,2,10,16,False,0.38866396761133604,0.40793065793065797,0.4842105263157895,0.3108108108108108,0.3786008230452675,0.5991902834008097,0.38461538461538464,46.0,50.0,49.0,102.0
5,RTSI,9,1,1499.0,247.0,2021-03-05,2022-02-21,2,10,16,False,0.5141700404858299,0.49399022586184127,0.5384615384615384,0.7313432835820896,0.620253164556962,0.5425101214574899,0.7368421052631579,98.0,29.0,84.0,36.0
5,RTSI,9,2,2003.0,186.0,2023-03-28,2023-12-15,2,10,16,False,0.46236559139784944,0.4654481132075472,0.5340909090909091,0.44339622641509435,0.4845360824742268,0.5698924731182796,0.4731182795698925,47.0,39.0,41.0,59.0
5,RTSI,9,mean,,,,,2,10,16,False,0.45506653316500517,0.45578966566668216,,,,,,,,,
5,RTSI,10,0,995.0,247.0,2019-03-04,2020-02-25,2,20,8,False,0.3765182186234818,0.38943488943488946,0.47058823529411764,0.32432432432432434,0.38400000000000006,0.5991902834008097,0.41295546558704455,48.0,45.0,54.0,100.0
5,RTSI,10,1,1499.0,247.0,2021-03-05,2022-02-21,2,20,8,False,0.5425101214574899,0.5,0.5425101214574899,1.0,0.7034120734908137,0.5425101214574899,1.0,134.0,0.0,113.0,0.0
5,RTSI,10,2,2003.0,186.0,2023-03-28,2023-12-15,2,20,8,False,0.5698924731182796,0.5,0.5698924731182796,1.0,0.7260273972602741,0.5698924731182796,1.0,106.0,0.0,80.0,0.0
5,RTSI,10,mean,,,,,2,20,8,False,0.49630693773308376,0.4631449631449631,,,,,,,,,
5,RTSI,11,0,995.0,247.0,2019-03-04,2020-02-25,2,20,16,False,0.38866396761133604,0.40793065793065797,0.4842105263157895,0.3108108108108108,0.3786008230452675,0.5991902834008097,0.38461538461538464,46.0,50.0,49.0,102.0
5,RTSI,11,1,1499.0,247.0,2021-03-05,2022-02-21,2,20,16,False,0.5141700404858299,0.49399022586184127,0.5384615384615384,0.7313432835820896,0.620253164556962,0.5425101214574899,0.7368421052631579,98.0,29.0,84.0,36.0
5,RTSI,11,2,2003.0,186.0,2023-03-28,2023-12-15,2,20,16,False,0.46236559139784944,0.4654481132075472,0.5340909090909091,0.44339622641509435,0.4845360824742268,0.5698924731182796,0.4731182795698925,47.0,39.0,41.0,59.0
5,RTSI,11,mean,,,,,2,20,16,False,0.45506653316500517,0.45578966566668216,,,,,,,,,
5,RTSI,12,0,995.0,247.0,2019-03-04,2020-02-25,2,50,8,False,0.3765182186234818,0.38943488943488946,0.47058823529411764,0.32432432432432434,0.38400000000000006,0.5991902834008097,0.41295546558704455,48.0,45.0,54.0,100.0
5,RTSI,12,1,1499.0,247.0,2021-03-05,2022-02-21,2,50,8,False,0.5425101214574899,0.5,0.5425101214574899,1.0,0.7034120734908137,0.5425101214574899,1.0,134.0,0.0,113.0,0.0
5,RTSI,12,2,2003.0,186.0,2023-03-28,2023-12-15,2,50,8,False,0.5698924731182796,0.5,0.5698924731182796,1.0,0.7260273972602741,0.5698924731182796,1.0,106.0,0.0,80.0,0.0
5,RTSI,12,mean,,,,,2,50,8,False,0.49630693773308376,0.4631449631449631,,,,,,,,,
5,RTSI,13,0,995.0,247.0,2019-03-04,2020-02-25,2,50,16,False,0.38866396761133604,0.40793065793065797,0.4842105263157895,0.3108108108108108,0.3786008230452675,0.5991902834008097,0.38461538461538464,46.0,50.0,49.0,102.0
5,RTSI,13,1,1499.0,247.0,2021-03-05,2022-02-21,2,50,16,False,0.5141700404858299,0.49399022586184127,0.5384615384615384,0.7313432835820896,0.620253164556962,0.5425101214574899,0.7368421052631579,98.0,29.0,84.0,36.0
5,RTSI,13,2,2003.0,186.0,2023-03-28,2023-12-15,2,50,16,False,0.46236559139784944,0.4654481132075472,0.5340909090909091,0.44339622641509435,0.4845360824742268,0.5698924731182796,0.4731182795698925,47.0,39.0,41.0,59.0
5,RTSI,13,mean,,,,,2,50,16,False,0.45506653316500517,0.45578966566668216,,,,,,,,,
5,RTSI,14,0,995.0,247.0,2019-03-04,2020-02-25,2,100,8,False,0.3765182186234818,0.38943488943488946,0.47058823529411764,0.32432432432432434,0.38400000000000006,0.5991902834008097,0.41295546558704455,48.0,45.0,54.0,100.0
5,RTSI,14,1,1499.0,247.0,2021-03-05,2022-02-21,2,100,8,False,0.5425101214574899,0.5,0.5425101214574899,1.0,0.7034120734908137,0.5425101214574899,1.0,134.0,0.0,113.0,0.0
5,RTSI,14,2,2003.0,186.0,2023-03-28,2023-12-15,2,100,8,False,0.5698924731182796,0.5,0.5698924731182796,1.0,0.7260273972602741,0.5698924731182796,1.0,106.0,0.0,80.0,0.0
5,RTSI,14,mean,,,,,2,100,8,False,0.49630693773308376,0.4631449631449631,,,,,,,,,
5,RTSI,15,0,995.0,247.0,2019-03-04,2020-02-25,2,100,16,False,0.38866396761133604,0.40793065793065797,0.4842105263157895,0.3108108108108108,0.3786008230452675,0.5991902834008097,0.38461538461538464,46.0,50.0,49.0,102.0
5,RTSI,15,1,1499.0,247.0,2021-03-05,2022-02-21,2,100,16,False,0.5141700404858299,0.49399022586184127,0.5384615384615384,0.7313432835820896,0.620253164556962,0.5425101214574899,0.7368421052631579,98.0,29.0,84.0,36.0
5,RTSI,15,2,2003.0,186.0,2023-03-28,2023-12-15,2,100,16,False,0.46236559139784944,0.4654481132075472,0.5340909090909091,0.44339622641509435,0.4845360824742268,0.5698924731182796,0.4731182795698925,47.0,39.0,41.0,59.0
5,RTSI,15,mean,,,,,2,100,16,False,0.45506653316500517,0.45578966566668216,,,,,,,,,
5,RTSI,16,0,995.0,247.0,2019-03-04,2020-02-25,3,10,8,False,0.582995951417004,0.5249453999453999,0.6142131979695431,0.8175675675675675,0.7014492753623188,0.5991902834008097,0.7975708502024291,121.0,23.0,76.0,27.0
5,RTSI,16,1,1499.0,247.0,2021-03-05,2022-02-21,3,10,8,False,0.562753036437247,0.5311385550125479,0.5601851851851852,0.9029850746268657,0.6914285714285716,0.5425101214574899,0.8744939271255061,121.0,18.0,95.0,13.0
5,RTSI,16,2,2003.0,186.0,2023-03-28,2023-12-15,3,10,8,False,0.5698924731182796,0.5,0.5698924731182796,1.0,0.7260273972602741,0.5698924731182796,1.0,106.0,0.0,80.0,0.0
5,RTSI,16,mean,,,,,3,10,8,False,0.5718804869908435,0.5186946516526493,,,,,,,,,
5,RTSI,17,0,995.0,247.0,2019-03-04,2020-02-25,3,10,16,False,0.4939271255060729,0.4522932022932023,0.5664739884393064,0.6621621621621622,0.6105919003115265,0.5991902834008097,0.7004048582995951,98.0,24.0,75.0,50.0
5,RTSI,17,1,1499.0,247.0,2021-03-05,2022-02-21,3,10,16,False,0.5384615384615384,0.5260863822480518,0.5625,0.6716417910447762,0.6122448979591838,0.5425101214574899,0.6477732793522267,90.0,43.0,70.0,44.0
5,RTSI,17,2,2003.0,186.0,2023-03-28,2023-12-15,3,10,16,False,0.5268817204301075,0.5005896226415094,0.5703125,0.6886792452830188,0.6239316239316238,0.5698924731182796,0.6881720430107527,73.0,25.0,55.0,33.0
5,RTSI,17,mean,,,,,3,10,16,False,0.5197567947992395,0.49298973572758786,,,,,,,,,
5,RTSI,18,0,995.0,247.0,2019-03-04,2020-02-25,3,20,8,False,0.582995951417004,0.5249453999453999,0.6142131979695431,0.8175675675675675,0.7014492753623188,0.5991902834008097,0.7975708502024291,121.0,23.0,76.0,27.0
5,RTSI,18,1,1499.0,247.0,2021-03-05,2022-02-21,3,20,8,False,0.562753036437247,0.5311385550125479,0.5601851851851852,0.9029850746268657,0.6914285714285716,0.5425101214574899,0.8744939271255061,121.0,18.0,95.0,13.0
5,RTSI,18,2,2003.0,186.0,2023-03-28,2023-12-15,3,20,8,False,0.5698924731182796,0.5,0.5698924731182796,1.0,0.7260273972602741,0.5698924731182796,1.0,106.0,0.0,80.0,0.0
5,RTSI,18,mean,,,,,3,20,8,False,0.5718804869908435,0.5186946516526493,,,,,,,,,
5,RTSI,19,0,995.0,247.0,2019-03-04,2020-02-25,3,20,16,False,0.4939271255060729,0.4522932022932023,0.5664739884393064,0.6621621621621622,0.6105919003115265,0.5991902834008097,0.7004048582995951,98.0,24.0,75.0,50.0
5,RTSI,19,1,1499.0,247.0,2021-03-05,2022-02-21,3,20,16,False,0.5384615384615384,0.5260863822480518,0.5625,0.6716417910447762,0.6122448979591838,0.5425101214574899,0.6477732793522267,90.0,43.0,70.0,44.0
5,RTSI,19,2,2003.0,186.0,2023-03-28,2023-12-15,3,20,16,False,0.5268817204301075,0.5005896226415094,0.5703125,0.6886792452830188,0.6239316239316238,0.5698924731182796,0.6881720430107527,73.0,25.0,55.0,33.0
5,RTSI,19,mean,,,,,3,20,16,False,0.5197567947992395,0.49298973572758786,,,,,,,,,
5,RTSI,20,0,995.0,247.0,2019-03-04,2020-02-25,3,50,8,False,0.582995951417004,0.5249453999453999,0.6142131979695431,0.8175675675675675,0.7014492753623188,0.5991902834008097,0.7975708502024291,121.0,23.0,76.0,27.0
5,RTSI,20,1,1499.0,247.0,2021-03-05,2022-02-21,3,50,8,False,0.562753036437247,0.5311385550125479,0.5601851851851852,0.9029850746268657,0.6914285714285716,0.5425101214574899,0.8744939271255061,121.0,18.0,95.0,13.0
5,RTSI,20,2,2003.0,186.0,2023-03-28,2023-12-15,3,50,8,False,0.5698924731182796,0.5,0.5698924731182796,1.0,0.7260273972602741,0.5698924731182796,1.0,106.0,0.0,80.0,0.0
5,RTSI,20,mean,,,,,3,50,8,False,0.5718804869908435,0.5186946516526493,,,,,,,,,
5,RTSI,21,0,995.0,247.0,2019-03-04,2020-02-25,3,50,16,False,0.4939271255060729,0.4522932022932023,0.5664739884393064,0.6621621621621622,0.6105919003115265,0.5991902834008097,0.7004048582995951,98.0,24.0,75.0,50.0
5,RTSI,21,1,1499.0,247.0,2021-03-05,2022-02-21,3,50,16,False,0.5384615384615384,0.5260863822480518,0.5625,0.6716417910447762,0.6122448979591838,0.5425101214574899,0.6477732793522267,90.0,43.0,70.0,44.0
5,RTSI,21,2,2003.0,186.0,2023-03-28,2023-12-15,3,50,16,False,0.5268817204301075,0.5005896226415094,0.5703125,0.6886792452830188,0.6239316239316238,0.5698924731182796,0.6881720430107527,73.0,25.0,55.0,33.0
5,RTSI,21,mean,,,,,3,50,16,False,0.5197567947992395,0.49298973572758786,,,,,,,,,
5,RTSI,22,0,995.0,247.0,2019-03-04,2020-02-25,3,100,8,False,0.582995951417004,0.5249453999453999,0.6142131979695431,0.8175675675675675,0.7014492753623188,0.5991902834008097,0.7975708502024291,121.0,23.0,76.0,27.0
5,RTSI,22,1,1499.0,247.0,2021-03-05,2022-02-21,3,100,8,False,0.562753036437247,0.5311385550125479,0.5601851851851852,0.9029850746268657,0.6914285714285716,0.5425101214574899,0.8744939271255061,121.0,18.0,95.0,13.0
5,RTSI,22,2,2003.0,186.0,2023-03-28,2023-12-15,3,100,8,False,0.5698924731182796,0.5,0.5698924731182796,1.0,0.7260273972602741,0.5698924731182796,1.0,106.0,0.0,80.0,0.0
5,RTSI,22,mean,,,,,3,100,8,False,0.5718804869908435,0.5186946516526493,,,,,,,,,
5,RTSI,23,0,995.0,247.0,2019-03-04,2020-02-25,3,100,16,False,0.4939271255060729,0.4522932022932023,0.5664739884393064,0.6621621621621622,0.6105919003115265,0.5991902834008097,0.7004048582995951,98.0,24.0,75.0,50.0
5,RTSI,23,1,1499.0,247.0,2021-03-05,2022-02-21,3,100,16,False,0.5384615384615384,0.5260863822480518,0.5625,0.6716417910447762,0.6122448979591838,0.5425101214574899,0.6477732793522267,90.0,43.0,70.0,44.0
5,RTSI,23,2,2003.0,186.0,2023-03-28,2023-12-15,3,100,16,False,0.5268817204301075,0.5005896226415094,0.5703125,0.6886792452830188,0.6239316239316238,0.5698924731182796,0.6881720430107527,73.0,25.0,55.0,33.0
5,RTSI,23,mean,,,,,3,100,16,False,0.5197567947992395,0.49298973572758786,,,,,,,,,
5,RTSI,24,0,995.0,247.0,2019-03-04,2020-02-25,4,10,8,False,0.5506072874493927,0.5146396396396397,0.6094674556213018,0.6959459459459459,0.6498422712933755,0.5991902834008097,0.6842105263157895,103.0,33.0,66.0,45.0
5,RTSI,24,1,1499.0,247.0,2021-03-05,2022-02-21,4,10,8,False,0.5263157894736842,0.49616959450534937,0.5402843601895735,0.8507462686567164,0.6608695652173914,0.5425101214574899,0.854251012145749,114.0,16.0,97.0,20.0
5,RTSI,24,2,2003.0,186.0,2023-03-28,2023-12-15,4,10,8,False,0.5591397849462365,0.5166273584905661,0.58,0.8207547169811321,0.6796875,0.5698924731182796,0.8064516129032258,87.0,17.0,63.0,19.0
5,RTSI,24,mean,,,,,4,10,8,False,0.5453542872897711,0.5091455308785183,,,,,,,,,
5,RTSI,25,0,995.0,247.0,2019-03-04,2020-02-25,4,10,16,False,0.3967611336032389,0.3896055146055146,0.49606299212598426,0.42567567567567566,0.4581818181818182,0.5991902834008097,0.5141700404858299,63.0,35.0,64.0,85.0
5,RTSI,25,1,1499.0,247.0,2021-03-05,2022-02-21,4,10,16,False,0.47368421052631576,0.4753995509179765,0.5169491525423728,0.4552238805970149,0.48412698412698413,0.5425101214574899,0.4777327935222672,61.0,56.0,57.0,73.0
5,RTSI,25,2,2003.0,186.0,2023-03-28,2023-12-15,4,10,16,False,0.5967741935483871,0.5772405660377358,0.628099173553719,0.7169811320754716,0.6696035242290749,0.5698924731182796,0.6505376344086021,76.0,35.0,45.0,30.0
5,RTSI,25,mean,,,,,4,10,16,False,0.4890731792259806,0.48074854385374227,,,,,,,,,
5,RTSI,26,0,995.0,247.0,2019-03-04,2020-02-25,4,20,8,False,0.5506072874493927,0.5146396396396397,0.6094674556213018,0.6959459459459459,0.6498422712933755,0.5991902834008097,0.6842105263157895,103.0,33.0,66.0,45.0
5,RTSI,26,1,1499.0,247.0,2021-03-05,2022-02-21,4,20,8,False,0.5263157894736842,0.49616959450534937,0.5402843601895735,0.8507462686567164,0.6608695652173914,0.5425101214574899,0.854251012145749,114.0,16.0,97.0,20.0
5,RTSI,26,2,2003.0,186.0,2023-03-28,2023-12-15,4,20,8,False,0.5591397849462365,0.5166273584905661,0.58,0.8207547169811321,0.6796875,0.5698924731182796,0.8064516129032258,87.0,17.0,63.0,19.0
5,RTSI,26,mean,,,,,4,20,8,False,0.5453542872897711,0.5091455308785183,,,,,,,,,
5,RTSI,27,0,995.0,247.0,2019-03-04,2020-02-25,4,20,16,False,0.3967611336032389,0.3896055146055146,0.49606299212598426,0.42567567567567566,0.4581818181818182,0.5991902834008097,0.5141700404858299,63.0,35.0,64.0,85.0
5,RTSI,27,1,1499.0,247.0,2021-03-05,2022-02-21,4,20,16,False,0.47368421052631576,0.4753995509179765,0.5169491525423728,0.4552238805970149,0.48412698412698413,0.5425101214574899,0.4777327935222672,61.0,56.0,57.0,73.0
5,RTSI,27,2,2003.0,186.0,2023-03-28,2023-12-15,4,20,16,False,0.5967741935483871,0.5772405660377358,0.628099173553719,0.7169811320754716,0.6696035242290749,0.5698924731182796,0.6505376344086021,76.0,35.0,45.0,30.0
5,RTSI,27,mean,,,,,4,20,16,False,0.4890731792259806,0.48074854385374227,,,,,,,,,
5,RTSI,28,0,995.0,247.0,2019-03-04,2020-02-25,4,50,8,False,0.5060728744939271,0.48918236418236416,0.5902777777777778,0.5743243243243243,0.5821917808219178,0.5991902834008097,0.582995951417004,85.0,40.0,59.0,63.0
5,RTSI,28,1,1499.0,247.0,2021-03-05,2022-02-21,4,50,8,False,0.5263157894736842,0.49616959450534937,0.5402843601895735,0.8507462686567164,0.6608695652173914,0.5425101214574899,0.854251012145749,114.0,16.0,97.0,20.0
5,RTSI,28,2,2003.0,186.0,2023-03-28,2023-12-15,4,50,8,False,0.5591397849462365,0.5166273584905661,0.58,0.8207547169811321,0.6796875,0.5698924731182796,0.8064516129032258,87.0,17.0,63.0,19.0
5,RTSI,28,mean,,,,,4,50,8,False,0.5305094829712825,0.5006597723927598,,,,,,,,,
5,RTSI,29,0,995.0,247.0,2019-03-04,2020-02-25,4,50,16,False,0.4493927125506073,0.45526208026208026,0.5526315789473685,0.42567567567567566,0.48091603053435117,0.5991902834008097,0.46153846153846156,63.0,48.0,51.0,85.0
5,RTSI,29,1,1499.0,247.0,2021-03-05,2022-02-21,4,50,16,False,0.46153846153846156,0.4621252146347906,0.5041322314049587,0.4552238805970149,0.47843137254901963,0.5425101214574899,0.4898785425101215,61.0,53.0,60.0,73.0
5,RTSI,29,2,2003.0,186.0,2023-03-28,2023-12-15,4,50,16,False,0.5967741935483871,0.5772405660377358,0.628099173553719,0.7169811320754716,0.6696035242290749,0.5698924731182796,0.6505376344086021,76.0,35.0,45.0,30.0
5,RTSI,29,mean,,,,,4,50,16,False,0.502568455879152,0.4982092869782022,,,,,,,,,
5,RTSI,30,0,995.0,247.0,2019-03-04,2020-02-25,4,100,8,False,0.582995951417004,0.5249453999453999,0.6142131979695431,0.8175675675675675,0.7014492753623188,0.5991902834008097,0.7975708502024291,121.0,23.0,76.0,27.0
5,RTSI,30,1,1499.0,247.0,2021-03-05,2022-02-21,4,100,8,False,0.5587044534412956,0.5253269052965263,0.5565610859728507,0.917910447761194,0.6929577464788732,0.5425101214574899,0.8947368421052632,123.0,15.0,98.0,11.0
5,RTSI,30,2,2003.0,186.0,2023-03-28,2023-12-15,4,100,8,False,0.5591397849462365,0.5166273584905661,0.58,0.8207547169811321,0.6796875,0.5698924731182796,0.8064516129032258,87.0,17.0,63.0,19.0
5,RTSI,30,mean,,,,,4,100,8,False,0.5669467299348453,0.5222998879108307,,,,,,,,,
5,RTSI,31,0,995.0,247.0,2019-03-04,2020-02-25,4,100,16,False,0.4939271255060729,0.4522932022932023,0.5664739884393064,0.6621621621621622,0.6105919003115265,0.5991902834008097,0.7004048582995951,98.0,24.0,75.0,50.0
5,RTSI,31,1,1499.0,247.0,2021-03-05,2022-02-21,4,100,16,False,0.46963562753036436,0.4695879012019548,0.5121951219512195,0.4701492537313433,0.490272373540856,0.5425101214574899,0.4979757085020243,63.0,53.0,60.0,71.0
5,RTSI,31,2,2003.0,186.0,2023-03-28,2023-12-15,4,100,16,False,0.5967741935483871,0.5772405660377358,0.628099173553719,0.7169811320754716,0.6696035242290749,0.5698924731182796,0.6505376344086021,76.0,35.0,45.0,30.0
5,RTSI,31,mean,,,,,4,100,16,False,0.5201123155282747,0.49970722317763094,,,,,,,,,
5,RTSI,32,0,995.0,247.0,2019-03-04,2020-02-25,5,10,8,False,0.47368421052631576,0.4688438438438438,0.5703125,0.49324324324324326,0.5289855072463768,0.5991902834008097,0.5182186234817814,73.0,44.0,55.0,75.0
5,RTSI,32,1,1499.0,247.0,2021-03-05,2022-02-21,5,10,8,False,0.5344129554655871,0.5195812970545503,0.5568862275449101,0.6940298507462687,0.6179401993355481,0.5425101214574899,0.6761133603238867,93.0,39.0,74.0,41.0
5,RTSI,32,2,2003.0,186.0,2023-03-28,2023-12-15,5,10,8,False,0.5161290322580645,0.4819575471698113,0.5579710144927537,0.7264150943396226,0.6311475409836066,0.5698924731182796,0.7419354838709677,77.0,19.0,61.0,29.0
5,RTSI,32,mean,,,,,5,10,8,False,0.5080753994166558,0.4901275626894018,,,,,,,,,
5,RTSI,33,0,995.0,247.0,2019-03-04,2020-02-25,5,10,16,False,0.46963562753036436,0.45376057876057874,0.5602836879432624,0.5337837837837838,0.546712802768166,0.5991902834008097,0.5708502024291497,79.0,37.0,62.0,69.0
5,RTSI,33,1,1499.0,247.0,2021-03-05,2022-02-21,5,10,16,False,0.5020242914979757,0.50637300224541,0.5495495495495496,0.4552238805970149,0.49795918367346936,0.5425101214574899,0.4493927125506073,61.0,63.0,50.0,73.0
5,RTSI,33,2,2003.0,186.0,2023-03-28,2023-12-15,5,10,16,False,0.5645161290322581,0.5673349056603774,0.6373626373626373,0.5471698113207547,0.5888324873096447,0.5698924731182796,0.489247311827957,58.0,47.0,33.0,48.0
5,RTSI,33,mean,,,,,5,10,16,False,0.512058682686866,0.509156162222122,,,,,,,,,
5,RTSI,34,0,995.0,247.0,2019-03-04,2020-02-25,5,20,8,False,0.5182186234817814,0.511022386022386,0.6090225563909775,0.5472972972972973,0.5765124555160143,0.5991902834008097,0.5384615384615384,81.0,47.0,52.0,67.0
5,RTSI,34,1,1499.0,247.0,2021-03-05,2022-02-21,5,20,8,False,0.5344129554655871,0.5195812970545503,0.5568862275449101,0.6940298507462687,0.6179401993355481,0.5425101214574899,0.6761133603238867,93.0,39.0,74.0,41.0
5,RTSI,34,2,2003.0,186.0,2023-03-28,2023-12-15,5,20,8,False,0.5161290322580645,0.4819575471698113,0.5579710144927537,0.7264150943396226,0.6311475409836066,0.5698924731182796,0.7419354838709677,77.0,19.0,61.0,29.0
5,RTSI,34,mean,,,,,5,20,8,False,0.5229202037351444,0.5041870767489159,,,,,,,,,
5,RTSI,35,0,995.0,247.0,2019-03-04,2020-02-25,5,20,16,False,0.44129554655870445,0.43011193011193016,0.5373134328358209,0.4864864864864865,0.5106382978723404,0.5991902834008097,0.5425101214574899,72.0,37.0,62.0,76.0
5,RTSI,35,1,1499.0,247.0,2021-03-05,2022-02-21,5,20,16,False,0.5020242914979757,0.50637300224541,0.5495495495495496,0.4552238805970149,0.49795918367346936,0.5425101214574899,0.4493927125506073,61.0,63.0,50.0,73.0
5,RTSI,35,2,2003.0,186.0,2023-03-28,2023-12-15,5,20,16,False,0.5645161290322581,0.5673349056603774,0.6373626373626373,0.5471698113207547,0.5888324873096447,0.5698924731182796,0.489247311827957,58.0,47.0,33.0,48.0
5,RTSI,35,mean,,,,,5,20,16,False,0.5026119890296461,0.5012732793392392,,,,,,,,,
5,RTSI,36,0,995.0,247.0,2019-03-04,2020-02-25,5,50,8,False,0.5060728744939271,0.48918236418236416,0.5902777777777778,0.5743243243243243,0.5821917808219178,0.5991902834008097,0.582995951417004,85.0,40.0,59.0,63.0
5,RTSI,36,1,1499.0,247.0,2021-03-05,2022-02-21,5,50,8,False,0.5101214574898786,0.4902588825782591,0.5359116022099447,0.7238805970149254,0.6158730158730159,0.5425101214574899,0.7327935222672065,97.0,29.0,84.0,37.0
5,RTSI,36,2,2003.0,186.0,2023-03-28,2023-12-15,5,50,8,False,0.5268817204301075,0.4852594339622642,0.5608108108108109,0.7830188679245284,0.6535433070866142,0.5698924731182796,0.7956989247311828,83.0,15.0,65.0,23.0
5,RTSI,36,mean,,,,,5,50,8,False,0.5143586841379711,0.4882335602409625,,,,,,,,,
5,RTSI,37,0,995.0,247.0,2019-03-04,2020-02-25,5,50,16,False,0.4493927125506073,0.45526208026208026,0.5526315789473685,0.42567567567567566,0.48091603053435117,0.5991902834008097,0.46153846153846156,63.0,48.0,51.0,85.0
5,RTSI,37,1,1499.0,247.0,2021-03-05,2022-02-21,5,50,16,False,0.5101214574898786,0.5041275921278563,0.5460992907801419,0.5746268656716418,0.56,0.5425101214574899,0.5708502024291497,77.0,49.0,64.0,57.0
5,RTSI,37,2,2003.0,186.0,2023-03-28,2023-12-15,5,50,16,False,0.5645161290322581,0.5673349056603774,0.6373626373626373,0.5471698113207547,0.5888324873096447,0.5698924731182796,0.489247311827957,58.0,47.0,33.0,48.0
5,RTSI,37,mean,,,,,5,50,16,False,0.5080100996909147,0.508908192683438,,,,,,,,,
5,RTSI,38,0,995.0,247.0,2019-03-04,2020-02-25,5,100,8,False,0.582995951417004,0.5249453999453999,0.6142131979695431,0.8175675675675675,0.7014492753623188,0.5991902834008097,0.7975708502024291,121.0,23.0,76.0,27.0
5,RTSI,38,1,1499.0,247.0,2021-03-05,2022-02-21,5,100,8,False,0.5587044534412956,0.5253269052965263,0.5565610859728507,0.917910447761194,0.6929577464788732,0.5425101214574899,0.8947368421052632,123.0,15.0,98.0,11.0
5,RTSI,38,2,2003.0,186.0,2023-03-28,2023-12-15,5,100,8,False,0.5591397849462365,0.5166273584905661,0.58,0.8207547169811321,0.6796875,0.5698924731182796,0.8064516129032258,87.0,17.0,63.0,19.0
5,RTSI,38,mean,,,,,5,100,8,False,0.5669467299348453,0.5222998879108307,,,,,,,,,
5,RTSI,39,0,995.0,247.0,2019-03-04,2020-02-25,5,100,16,False,0.4939271255060729,0.4522932022932023,0.5664739884393064,0.6621621621621622,0.6105919003115265,0.5991902834008097,0.7004048582995951,98.0,24.0,75.0,50.0
5,RTSI,39,1,1499.0,247.0,2021-03-05,2022-02-21,5,100,16,False,0.46963562753036436,0.4695879012019548,0.5121951219512195,0.4701492537313433,0.490272373540856,0.5425101214574899,0.4979757085020243,63.0,53.0,60.0,71.0
5,RTSI,39,2,2003.0,186.0,2023-03-28,2023-12-15,5,100,16,False,0.5967741935483871,0.5772405660377358,0.628099173553719,0.7169811320754716,0.6696035242290749,0.5698924731182796,0.6505376344086021,76.0,35.0,45.0,30.0
5,RTSI,39,mean,,,,,5,100,16,False,0.5201123155282747,0.49970722317763094,,,,,,,,,
5,RTSI,40,0,995.0,247.0,2019-03-04,2020-02-25,6,10,8,False,0.5263157894736842,0.5094185094185094,0.6068965517241379,0.5945945945945946,0.6006825938566552,0.5991902834008097,0.5870445344129555,88.0,42.0,57.0,60.0
5,RTSI,40,1,1499.0,247.0,2021-03-05,2022-02-21,6,10,8,False,0.5587044534412956,0.5516774534407608,0.5862068965517241,0.6343283582089553,0.6093189964157706,0.5425101214574899,0.5870445344129555,85.0,53.0,60.0,49.0
5,RTSI,40,2,2003.0,186.0,2023-03-28,2023-12-15,6,10,8,False,0.5,0.5,0.5698924731182796,0.5,0.5326633165829147,0.5698924731182796,0.5,53.0,40.0,40.0,53.0
5,RTSI,40,mean,,,,,6,10,8,False,0.52834008097166,0.5203653209530901,,,,,,,,,
5,RTSI,41,0,995.0,247.0,2019-03-04,2020-02-25,6,10,16,False,0.5141700404858299,0.5277095277095277,0.6296296296296297,0.4594594594594595,0.53125,0.5991902834008097,0.43724696356275305,68.0,59.0,40.0,80.0
5,RTSI,41,1,1499.0,247.0,2021-03-05,2022-02-21,6,10,16,False,0.5303643724696356,0.5248646149782064,0.5642857142857143,0.5895522388059702,0.5766423357664234,0.5425101214574899,0.5668016194331984,79.0,52.0,61.0,55.0
5,RTSI,41,2,2003.0,186.0,2023-03-28,2023-12-15,6,10,16,False,0.5483870967741935,0.5608490566037736,0.6410256410256411,0.4716981132075472,0.5434782608695652,0.5698924731182796,0.41935483870967744,50.0,52.0,28.0,56.0
5,RTSI,41,mean,,,,,6,10,16,False,0.530973836576553,0.5378077330971692,,,,,,,,,
5,RTSI,42,0,995.0,247.0,2019-03-04,2020-02-25,6,20,8,False,0.5546558704453441,0.5531326781326782,0.6484375,0.5608108108108109,0.6014492753623187,0.5991902834008097,0.5182186234817814,83.0,54.0,45.0,65.0
5,RTSI,42,1,1499.0,247.0,2021-03-05,2022-02-21,6,20,8,False,0.5425101214574899,0.5318980319640735,0.567741935483871,0.6567164179104478,0.6089965397923875,0.5425101214574899,0.6275303643724697,88.0,46.0,67.0,46.0
5,RTSI,42,2,2003.0,186.0,2023-03-28,2023-12-15,6,20,8,False,0.5,0.5,0.5698924731182796,0.5,0.5326633165829147,0.5698924731182796,0.5,53.0,40.0,40.0,53.0
5,RTSI,42,mean,,,,,6,20,8,False,0.5323886639676113,0.5283435700322506,,,,,,,,,
5,RTSI,43,0,995.0,247.0,2019-03-04,2020-02-25,6,20,16,False,0.4574898785425101,0.44362544362544365,0.5507246376811594,0.5135135135135135,0.5314685314685316,0.5991902834008097,0.5587044534412956,76.0,37.0,62.0,72.0
5,RTSI,43,1,1499.0,247.0,2021-03-05,2022-02-21,6,20,16,False,0.5303643724696356,0.5276383568881258,0.5681818181818182,0.5597014925373134,0.5639097744360902,0.5425101214574899,0.5344129554655871,75.0,56.0,57.0,59.0
5,RTSI,43,2,2003.0,186.0,2023-03-28,2023-12-15,6,20,16,False,0.521505376344086,0.525,0.5955056179775281,0.5,0.5435897435897437,0.5698924731182796,0.478494623655914,53.0,44.0,36.0,53.0
5,RTSI,43,mean,,,,,6,20,16,False,0.5031198757854106,0.49875460017118983,,,,,,,,,
5,RTSI,44,0,995.0,247.0,2019-03-04,2020-02-25,6,50,8,False,0.5060728744939271,0.48918236418236416,0.5902777777777778,0.5743243243243243,0.5821917808219178,0.5991902834008097,0.582995951417004,85.0,40.0,59.0,63.0
5,RTSI,44,1,1499.0,247.0,2021-03-05,2022-02-21,6,50,8,False,0.5101214574898786,0.4902588825782591,0.5359116022099447,0.7238805970149254,0.6158730158730159,0.5425101214574899,0.7327935222672065,97.0,29.0,84.0,37.0
5,RTSI,44,2,2003.0,186.0,2023-03-28,2023-12-15,6,50,8,False,0.5268817204301075,0.4852594339622642,0.5608108108108109,0.7830188679245284,0.6535433070866142,0.5698924731182796,0.7956989247311828,83.0,15.0,65.0,23.0
5,RTSI,44,mean,,,,,6,50,8,False,0.5143586841379711,0.4882335602409625,,,,,,,,,
5,RTSI,45,0,995.0,247.0,2019-03-04,2020-02-25,6,50,16,False,0.4493927125506073,0.45526208026208026,0.5526315789473685,0.42567567567567566,0.48091603053435117,0.5991902834008097,0.46153846153846156,63.0,48.0,51.0,85.0
5,RTSI,45,1,1499.0,247.0,2021-03-05,2022-02-21,6,50,16,False,0.5101214574898786,0.5041275921278563,0.5460992907801419,0.5746268656716418,0.56,0.5425101214574899,0.5708502024291497,77.0,49.0,64.0,57.0
5,RTSI,45,2,2003.0,186.0,2023-03-28,2023-12-15,6,50,16,False,0.5645161290322581,0.5673349056603774,0.6373626373626373,0.5471698113207547,0.5888324873096447,0.5698924731182796,0.489247311827957,58.0,47.0,33.0,48.0
5,RTSI,45,mean,,,,,6,50,16,False,0.5080100996909147,0.508908192683438,,,,,,,,,
5,RTSI,46,0,995.0,247.0,2019-03-04,2020-02-25,6,100,8,False,0.582995951417004,0.5249453999453999,0.6142131979695431,0.8175675675675675,0.7014492753623188,0.5991902834008097,0.7975708502024291,121.0,23.0,76.0,27.0
5,RTSI,46,1,1499.0,247.0,2021-03-05,2022-02-21,6,100,8,False,0.5587044534412956,0.5253269052965263,0.5565610859728507,0.917910447761194,0.6929577464788732,0.5425101214574899,0.8947368421052632,123.0,15.0,98.0,11.0
5,RTSI,46,2,2003.0,186.0,2023-03-28,2023-12-15,6,100,8,False,0.5591397849462365,0.5166273584905661,0.58,0.8207547169811321,0.6796875,0.5698924731182796,0.8064516129032258,87.0,17.0,63.0,19.0
5,RTSI,46,mean,,,,,6,100,8,False,0.5669467299348453,0.5222998879108307,,,,,,,,,
5,RTSI,47,0,995.0,247.0,2019-03-04,2020-02-25,6,100,16,False,0.4939271255060729,0.4522932022932023,0.5664739884393064,0.6621621621621622,0.6105919003115265,0.5991902834008097,0.7004048582995951,98.0,24.0,75.0,50.0
5,RTSI,47,1,1499.0,247.0,2021-03-05,2022-02-21,6,100,16,False,0.46963562753036436,0.4695879012019548,0.5121951219512195,0.4701492537313433,0.490272373540856,0.5425101214574899,0.4979757085020243,63.0,53.0,60.0,71.0
5,RTSI,47,2,2003.0,186.0,2023-03-28,2023-12-15,6,100,16,False,0.5967741935483871,0.5772405660377358,0.628099173553719,0.7169811320754716,0.6696035242290749,0.5698924731182796,0.6505376344086021,76.0,35.0,45.0,30.0
5,RTSI,47,mean,,,,,6,100,16,False,0.5201123155282747,0.49970722317763094,,,,,,,,,
5,RTSI,48,0,995.0,247.0,2019-03-04,2020-02-25,2,20,16,True,0.5991902834008097,0.5,0.5991902834008097,1.0,0.7493670886075949,0.5991902834008097,1.0,148.0,0.0,99.0,0.0
5,RTSI,48,1,1499.0,247.0,2021-03-05,2022-02-21,2,20,16,True,0.5425101214574899,0.5,0.5425101214574899,1.0,0.7034120734908137,0.5425101214574899,1.0,134.0,0.0,113.0,0.0
5,RTSI,48,2,2003.0,186.0,2023-03-28,2023-12-15,2,20,16,True,0.5698924731182796,0.5,0.5698924731182796,1.0,0.7260273972602741,0.5698924731182796,1.0,106.0,0.0,80.0,0.0
5,RTSI,48,mean,,,,,2,20,16,True,0.5705309593255263,0.5,,,,,,,,,
5,RTSI,49,0,995.0,247.0,2019-03-04,2020-02-25,2,50,16,True,0.5991902834008097,0.5,0.5991902834008097,1.0,0.7493670886075949,0.5991902834008097,1.0,148.0,0.0,99.0,0.0
5,RTSI,49,1,1499.0,247.0,2021-03-05,2022-02-21,2,50,16,True,0.5425101214574899,0.5,0.5425101214574899,1.0,0.7034120734908137,0.5425101214574899,1.0,134.0,0.0,113.0,0.0
5,RTSI,49,2,2003.0,186.0,2023-03-28,2023-12-15,2,50,16,True,0.5698924731182796,0.5,0.5698924731182796,1.0,0.7260273972602741,0.5698924731182796,1.0,106.0,0.0,80.0,0.0
5,RTSI,49,mean,,,,,2,50,16,True,0.5705309593255263,0.5,,,,,,,,,
5,RTSI,50,0,995.0,247.0,2019-03-04,2020-02-25,3,20,16,True,0.5991902834008097,0.5,0.5991902834008097,1.0,0.7493670886075949,0.5991902834008097,1.0,148.0,0.0,99.0,0.0
5,RTSI,50,1,1499.0,247.0,2021-03-05,2022-02-21,3,20,16,True,0.5425101214574899,0.5,0.5425101214574899,1.0,0.7034120734908137,0.5425101214574899,1.0,134.0,0.0,113.0,0.0
5,RTSI,50,2,2003.0,186.0,2023-03-28,2023-12-15,3,20,16,True,0.5698924731182796,0.5,0.5698924731182796,1.0,0.7260273972602741,0.5698924731182796,1.0,106.0,0.0,80.0,0.0
5,RTSI,50,mean,,,,,3,20,16,True,0.5705309593255263,0.5,,,,,,,,,
5,RTSI,51,0,995.0,247.0,2019-03-04,2020-02-25,3,50,16,True,0.5991902834008097,0.5,0.5991902834008097,1.0,0.7493670886075949,0.5991902834008097,1.0,148.0,0.0,99.0,0.0
5,RTSI,51,1,1499.0,247.0,2021-03-05,2022-02-21,3,50,16,True,0.5425101214574899,0.5,0.5425101214574899,1.0,0.7034120734908137,0.5425101214574899,1.0,134.0,0.0,113.0,0.0
5,RTSI,51,2,2003.0,186.0,2023-03-28,2023-12-15,3,50,16,True,0.5698924731182796,0.5,0.5698924731182796,1.0,0.7260273972602741,0.5698924731182796,1.0,106.0,0.0,80.0,0.0
5,RTSI,51,mean,,,,,3,50,16,True,0.5705309593255263,0.5,,,,,,,,,
